Yıl,Yaş,Kişi başına gayri safi yurt içi hasılat ($),CLASS
1987,1,796,1
1988,1,769,1
1989,1,833,1
1992,2,251,1
1993,2,437,1
1994,2,697,1
1995,2,835,1
1996,2,1127,1
1997,2,793,1
1998,2,899,1
1999,2,1127,1
2000,2,1299,1
2001,2,1451,1
2001,3,1451,1
2002,3,1573,1
2002,2,1573,1
2003,2,2021,1
2003,3,2021,1
2004,3,2544,1
2004,2,2544,1
2005,2,2931,1
2005,3,2931,1
2006,2,3235,1
2006,3,3235,1
2007,3,3863,1
2007,2,3863,1
2008,2,4672,1
2008,3,4672,1
2009,2,4387,1
2009,3,4387,1
2010,2,4359,1
2010,3,4359,1
1985,1,9759,1
1986,1,13911,1
1987,1,17415,1
1988,1,18663,1
1989,1,18544,1
1990,1,23020,1
1991,2,23808,1
1992,2,26450,1
1993,2,25611,1
1994,2,27274,1
1995,2,32237,1
1996,2,31660,1
1997,2,28325,1
1998,2,28972,1
1999,2,28722,1
2000,2,25922,1
2001,3,25848,1
2001,2,25848,1
2002,3,27772,1
2002,2,27772,1
2003,3,33889,1
2003,2,33889,1
2004,3,38711,1
2004,2,38711,1
2005,3,40367,1
2005,2,40367,1
2006,3,42698,1
2006,2,42698,1
2007,3,49218,1
2007,2,49218,1
2008,3,54294,1
2008,2,54294,1
2009,3,50356,1
2009,2,50356,1
2010,3,49181,1
2010,2,49181,1
2011,3,53923,1
2012,3,50979,1
2013,3,53229,1
2014,3,54278,1
2015,3,46484,1
2016,3,46976,1
1990,1,2301,1
1991,2,1899,1
1992,2,1780,1
1993,2,1689,1
1994,2,1547,1
1995,2,1444,1
1996,2,1524,1
1997,2,1458,1
1998,2,1570,1
1999,2,1269,1
2000,2,1335,1
2001,2,1299,1
2001,3,1299,1
2002,2,1541,1
2002,3,1541,1
2003,2,1892,1
2003,3,1892,1
2007,3,4898,1
2007,2,4898,1
2008,3,6601,1
2008,2,6601,1
2009,3,5366,1
2009,2,5366,1
2010,3,6371,1
2010,2,6371,1
2011,3,6902,1
2013,3,8477,1
2014,3,8849,1
1985,1,9356,1
1986,1,12992,1
1987,1,16165,1
1988,1,17509,1
1989,1,17659,1
1990,1,22032,1
1991,2,22523,1
1992,2,25036,1
1993,2,23875,1
1994,2,25922,1
1995,2,30394,1
1996,2,29438,1
1997,2,26609,1
1998,2,27087,1
1999,2,26969,1
2000,2,24592,1
2001,3,24494,1
2001,2,24494,1
2002,3,26526,1
2002,2,26526,1
2003,3,32538,1
2003,2,32538,1
2004,3,37661,1
2004,2,37661,1
2005,3,39124,1
2005,2,39124,1
2006,3,41135,1
2006,2,41135,1
2007,3,47040,1
2007,2,47040,1
2008,3,51345,1
2008,2,51345,1
2009,3,47630,1
2009,2,47630,1
2010,3,47355,1
2010,2,47355,1
2011,3,50893,1
2012,3,47678,1
2013,3,49489,1
2014,3,50173,1
2015,3,42830,1
2011,3,5076,1
2014,3,5079,1
1985,1,2044,1
1986,1,2413,1
1987,1,3355,1
1988,1,2688,1
1989,1,2617,1
1990,1,2451,1
1991,2,1298,1
1992,2,1287,1
1993,2,1354,1
1994,2,1213,1
1995,2,1636,1
1996,2,1270,1
1997,2,1411,1
1998,2,1852,1
1999,2,1715,1
2000,2,1680,1
2001,3,1854,1
2001,2,1854,1
2002,3,2157,1
2002,2,2157,1
2003,3,2800,1
2003,2,2800,1
2004,3,3485,1
2004,2,3485,1
2005,3,4003,1
2005,2,4003,1
2006,3,4638,1
2006,2,4638,1
2007,3,6073,1
2007,2,6073,1
2008,3,7487,1
2008,2,7487,1
2009,3,7186,1
2009,2,7186,1
2010,3,7066,1
2010,2,7066,1
2011,3,8137,1
2012,3,7745,1
2013,3,8057,1
2014,3,8241,1
1995,2,4978,1
1996,2,5610,1
1997,2,5546,1
1998,2,6015,1
1999,2,5459,1
2000,2,5288,1
2001,3,5571,1
2001,2,5571,1
2002,3,6373,1
2002,2,6373,1
2003,3,8202,1
2003,2,8202,1
2004,3,9829,1
2004,2,9829,1
2005,3,10722,1
2005,2,10722,1
2006,3,11914,1
2006,2,11914,1
2007,3,14204,1
2007,2,14204,1
2008,3,16680,1
2008,2,16680,1
2009,3,14872,1
2009,2,14872,1
2010,3,14232,1
2010,2,14232,1
2011,3,14890,1
2012,3,13952,1
2013,3,14362,1
2014,3,14299,1
2015,3,12351,1
2016,3,12905,1
1999,2,12389,1
2000,2,11635,1
2004,2,25227,1
2004,3,25227,1
2005,2,26671,1
2005,3,26671,1
2006,2,28600,1
2006,3,28600,1
2007,3,33048,1
2007,2,33048,1
2008,3,37267,1
2008,2,37267,1
2009,3,33816,1
2009,2,33816,1
2010,3,32477,1
2010,2,32477,1
2011,3,34249,1
2012,3,30752,1
2013,3,29624,1
2014,3,29024,1
2015,3,24718,1
2016,3,25098,1
1990,1,4168,1
1991,2,3070,1
1992,2,3573,1
1993,2,4186,1
1994,2,4891,1
1995,2,6134,1
1996,2,6861,1
1997,2,6314,1
1998,2,6779,1
1999,2,6606,1
2000,2,6278,1
2001,3,6863,1
2001,2,6863,1
2002,3,8399,1
2002,2,8399,1
2003,3,10220,1
2003,2,10220,1
2004,3,12226,1
2004,2,12226,1
2005,3,13961,1
2005,2,13961,1
2006,3,15896,1
2006,2,15896,1
2007,3,19273,1
2007,2,19273,1
2008,3,23811,1
2008,2,23811,1
2009,3,20748,1
2009,2,20748,1
2010,3,20862,1
2010,2,20862,1
2011,3,23010,1
2012,3,20898,1
2013,3,21073,1
2014,3,20859,1
2015,3,18703,1
2016,3,19505,1
1994,2,32034,1
1995,2,37841,1
1996,2,38158,1
1997,2,35148,1
1998,2,35710,1
1999,2,35763,1
2000,2,32841,1
2001,3,32837,1
2001,2,32837,1
2002,3,35435,1
2002,2,35435,1
2003,3,43129,1
2003,2,43129,1
2004,3,49552,1
2004,2,49552,1
2005,3,51960,1
2005,2,51960,1
2006,3,55354,1
2006,2,55354,1
2007,3,62229,1
2007,2,62229,1
2008,3,68447,1
2008,2,68447,1
2009,3,61863,1
2009,2,61863,1
2010,3,61711,1
2010,2,61711,1
2011,3,65598,1
2012,3,62071,1
2013,3,64831,1
2014,3,66114,1
2015,3,55972,1
1990,1,1555,1
1991,2,1267,1
1992,2,740,1
1994,2,556,1
1995,2,611,1
1996,2,718,1
1997,2,828,1
1998,2,858,1
1999,2,669,1
2000,2,734,1
2001,2,777,1
2001,3,777,1
2004,3,1253,1
2004,2,1253,1
2005,3,1552,1
2005,2,1552,1
2006,3,1859,1
2006,2,1859,1
2007,3,2448,1
2007,2,2448,1
2009,3,2589,1
2009,2,2589,1
2010,2,2775,1
2010,3,2775,1
2011,3,3435,1
2012,3,3772,1
2013,3,3850,1
2014,3,4757,1
2015,3,4046,1
1990,1,23546,1
1991,2,24662,1
1992,2,27888,1
1993,2,26937,1
1994,2,28588,1
1995,2,33420,1
1996,2,32147,1
1997,2,28420,1
1998,2,28733,1
1999,2,28154,1
2000,2,24922,1
2001,3,24874,1
2001,2,24874,1
2002,3,26441,1
2002,2,26441,1
2003,3,31816,1
2003,2,31816,1
2004,3,35772,1
2004,2,35772,1
2005,3,36289,1
2005,2,36289,1
2006,3,38088,1
2006,2,38088,1
2007,3,43667,1
2007,2,43667,1
2008,3,47702,1
2008,2,47702,1
2009,3,43570,1
2009,2,43570,1
2010,3,43614,1
2010,2,43614,1
2011,3,47947,1
2012,3,45142,1
2013,3,48563,1
2014,3,50167,1
2015,3,43201,1
1985,1,5156,1
1986,1,6040,1
1987,1,6994,1
1988,1,8070,1
1989,1,8310,1
1990,1,10179,1
1991,2,10816,1
1992,2,11818,1
1993,2,10957,1
1994,2,11638,1
1995,2,13550,1
1996,2,14330,1
1997,2,13968,1
1998,2,14008,1
1999,2,13756,1
2000,2,12509,1
2001,3,13043,1
2001,2,13043,1
2002,3,14676,1
2002,2,14676,1
2003,3,19202,1
2003,2,19202,1
2004,3,22804,1
2004,2,22804,1
2005,3,23414,1
2005,2,23414,1
2006,3,25739,1
2006,2,25739,1
2007,2,29896,1
2007,3,29896,1
2008,3,33168,1
2008,2,33168,1
2009,3,30785,1
2009,2,30785,1
2010,3,27886,1
2010,2,27886,1
2011,3,26825,1
2012,3,23309,1
2013,3,22994,1
2014,3,22834,1
2015,3,18927,1
1991,2,3561,1
1992,2,3970,1
1993,2,4116,1
1994,2,4431,1
1995,2,4767,1
1996,2,4792,1
1997,2,4856,1
1998,2,5010,1
1999,2,5147,1
2000,2,4966,1
2001,3,5546,1
2001,2,5546,1
2002,3,6995,1
2002,2,6995,1
2003,3,8840,1
2003,2,8840,1
2004,3,10806,1
2004,2,10806,1
2005,3,11764,1
2005,2,11764,1
2006,3,12021,1
2006,2,12021,1
2007,3,14609,1
2007,2,14609,1
2008,3,16540,1
2008,2,16540,1
2009,3,13697,1
2009,2,13697,1
2010,3,13761,1
2010,2,13761,1
2011,3,14827,1
2012,3,13525,1
2013,3,14333,1
2014,3,14886,1
2015,3,13087,1
2016,3,13448,1
1985,1,13357,1
1986,1,17681,1
1987,1,24107,1
1988,1,26249,1
1989,1,24089,1
1990,1,27316,1
1991,2,28857,1
1992,2,29311,1
1993,2,25474,1
1994,2,25937,1
1995,2,28680,1
1996,2,29740,1
1997,2,30326,1
1998,2,33513,1
1999,2,34858,1
2000,2,34372,1
2001,3,30850,1
2001,2,30850,1
2002,2,34556,1
2002,3,34556,1
2003,2,42174,1
2003,3,42174,1
2004,3,50528,1
2004,2,50528,1
2005,2,60712,1
2005,3,60712,1
2006,2,60243,1
2006,3,60243,1
2007,3,73590,1
2007,2,73590,1
2008,2,59489,1
2008,3,59489,1
2009,2,43700,1
2009,3,43700,1
2010,3,45179,1
2010,2,45179,1
2011,3,49861,1
2012,3,48083,1
2013,3,51749,1
2014,3,56833,1
2015,3,54909,1
2016,3,64708,1
1985,1,6638,1
1986,1,8937,1
1987,1,10515,1
1988,1,11696,1
1989,1,12188,1
1990,1,15312,1
1991,2,15328,1
1992,2,17051,1
1993,2,15872,1
1994,2,17188,1
1995,2,20689,1
1996,2,22478,1
1997,2,24259,1
1998,2,26115,1
1999,2,28344,1
2000,2,28340,1
2001,2,30536,1
2001,3,30536,1
2002,2,35154,1
2002,3,35154,1
2003,2,44473,1
2003,3,44473,1
2004,2,51662,1
2004,3,51662,1
2005,2,55213,1
2005,3,55213,1
2006,2,58941,1
2006,3,58941,1
2007,2,67032,1
2007,3,67032,1
2008,2,67173,1
2008,3,67173,1
2009,2,57390,1
2009,3,57390,1
2010,2,52042,1
2010,3,52042,1
2011,3,56655,1
2012,3,53443,1
2013,3,56628,1
2014,3,59634,1
1985,1,8329,1
1986,1,11762,1
1987,1,14756,1
1988,1,16282,1
1989,1,16922,1
1990,1,21472,1
1991,2,22805,1
1992,2,24297,1
1993,2,19605,1
1994,2,20235,1
1995,2,21625,1
1996,2,24172,1
1997,2,22869,1
1998,2,23342,1
1999,2,23002,1
2000,2,21027,1
2001,3,21392,1
2001,2,21392,1
2002,3,23227,1
2002,2,23227,1
2003,3,28572,1
2003,2,28572,1
2004,3,32704,1
2004,2,32704,1
2005,3,33536,1
2005,2,33536,1
2006,3,34578,1
2006,2,34578,1
2007,3,38935,1
2007,2,38935,1
2008,3,41935,1
2008,2,41935,1
2009,3,38101,1
2009,2,38101,1
2010,3,36869,1
2010,2,36869,1
2011,3,40210,1
2012,3,36497,1
2013,3,37050,1
2014,3,37035,1
2015,3,31537,1
1995,2,2324,1
1996,2,2484,1
1997,2,3008,1
1998,2,3354,1
1999,2,3292,1
2000,2,3481,1
2001,2,3719,1
2001,3,3719,1
2002,2,4360,1
2002,3,4360,1
2003,2,5778,1
2003,3,5778,1
2004,2,7028,1
2004,3,7028,1
2005,2,8229,1
2005,3,8229,1
2006,2,9667,1
2006,3,9667,1
2007,2,12869,1
2007,3,12869,1
2008,3,15669,1
2008,2,15669,1
2009,2,12412,1
2009,3,12412,1
2010,2,12584,1
2010,3,12584,1
2011,3,15097,1
2012,3,15099,1
2013,3,16538,1
2014,3,17442,1
2015,3,15073,1
2016,3,15742,1
1985,1,13743,1
1986,1,20004,1
1987,1,24654,1
1988,1,27676,1
1989,1,29239,1
1990,1,36871,1
1991,2,39465,1
1992,2,43740,1
1993,2,44320,1
1994,2,48610,1
1995,2,56499,1
1996,2,56169,1
1997,2,50260,1
1998,2,50788,1
1999,2,55054,1
2000,2,51841,1
2001,3,51391,1
2001,2,51391,1
2002,2,56484,1
2002,3,56484,1
2003,3,69768,1
2003,2,69768,1
2004,3,80639,1
2004,2,80639,1
2005,3,85397,1
2005,2,85397,1
2006,3,95351,1
2006,2,95351,1
2007,2,112581,1
2007,3,112581,1
2008,3,121315,1
2008,2,121315,1
2009,3,109483,1
2009,2,109483,1
2010,3,111328,1
2010,2,111328,1
2011,3,122729,1
2012,3,113120,1
2013,3,120423,1
2014,3,126352,1
2015,3,107456,1
1985,1,3639,1
1986,1,4544,1
1987,1,5517,1
1988,1,6295,1
1989,1,6539,1
1990,1,7780,1
1991,2,8313,1
1992,2,9040,1
1993,2,8022,1
1994,2,8775,1
1995,2,9974,1
1996,2,10254,1
1997,2,10575,1
1998,2,11103,1
1999,2,11607,1
2000,2,11873,1
2001,2,11691,1
2001,3,11691,1
2002,2,12524,1
2002,3,12524,1
2003,3,14444,1
2003,2,14444,1
2004,3,15916,1
2004,2,15916,1
2005,3,16648,1
2005,2,16648,1
2006,3,17504,1
2006,2,17504,1
2007,2,20333,1
2007,3,20333,1
2008,3,23007,1
2008,2,23007,1
2009,3,21695,1
2009,2,21695,1
2010,3,22132,1
2010,2,22132,1
2011,3,23984,1
2012,3,23074,1
2013,3,25191,1
2014,3,27634,1
2015,3,25750,1
1985,1,10428,1
1986,1,14479,1
1987,1,17560,1
1988,1,18661,1
1989,1,18310,1
1990,1,22425,1
1991,2,22906,1
1992,2,25205,1
1993,2,24385,1
1994,2,25997,1
1995,2,30850,1
1996,2,30625,1
1997,2,28156,1
1998,2,29351,1
1999,2,29799,1
2000,2,27644,1
2001,3,28366,1
2001,2,28366,1
2002,3,30757,1
2002,2,30757,1
2003,3,37614,1
2003,2,37614,1
2004,3,42614,1
2004,2,42614,1
2005,3,44289,1
2005,2,44289,1
2006,3,47281,1
2006,2,47281,1
2007,3,54418,1
2007,2,54418,1
2008,3,60375,1
2008,2,60375,1
2009,3,54988,1
2009,2,54988,1
2010,2,53302,1
2010,3,53302,1
2011,3,56667,1
2012,3,52334,1
2013,3,54510,1
2014,3,55325,1
2015,3,47206,1
2016,3,48108,1
1986,1,20117,1
1987,1,23980,1
1988,1,25820,1
1989,1,25945,1
1990,1,30240,1
1991,2,30678,1
1992,2,32793,1
1993,2,30066,1
1994,2,31520,1
1995,2,37483,1
1996,2,40098,1
1997,2,39335,1
1998,2,37334,1
1999,2,39013,1
2000,2,41099,1
2001,3,41281,1
2001,2,41281,1
2002,3,46049,1
2002,2,46049,1
2003,3,53533,1
2003,2,53533,1
2004,3,61450,1
2004,2,61450,1
2005,3,71215,1
2005,2,71215,1
2006,3,79007,1
2006,2,79007,1
2007,3,90797,1
2007,2,90797,1
2008,3,103431,1
2008,2,103431,1
2009,3,85394,1
2009,2,85394,1
2010,3,93638,1
2010,2,93638,1
2011,3,107430,1
2012,3,108408,1
2013,3,109804,1
2014,3,103443,1
2015,3,79187,1
1990,1,1876,1
1991,2,2416,1
1992,2,2650,1
1993,2,2683,1
1994,2,3081,1
1995,2,3937,1
1996,2,4413,1
1999,2,4640,1
2000,2,4744,1
2001,2,5249,1
2001,3,5249,1
2002,2,5466,1
2002,3,5466,1
2003,2,5983,1
2003,3,5983,1
2004,2,7014,1
2004,3,7014,1
2005,2,8417,1
2005,3,8417,1
2006,2,9485,1
2006,3,9485,1
2007,2,11816,1
2007,3,11816,1
2008,2,14721,1
2008,3,14721,1
2009,2,12141,1
2009,3,12141,1
2010,2,13304,1
2010,3,13304,1
2011,3,14686,1
2012,3,13894,1
2013,3,14552,1
2014,3,15119,1
2015,3,13228,1
1985,1,2912,1
1986,1,4145,1
1987,1,5138,1
1988,1,5995,1
1989,1,6436,1
1990,1,8356,1
1991,2,9483,1
1992,2,11445,1
1993,2,10098,1
1994,2,10566,1
1995,2,12469,1
1996,2,12887,1
1997,2,12237,1
1998,2,12892,1
1999,2,13180,1
2000,2,12152,1
2001,3,12391,1
2001,2,12391,1
2002,3,13614,1
2002,2,13614,1
2003,3,16671,1
2003,2,16671,1
2007,3,24003,1
2007,2,24003,1
2008,3,26121,1
2008,2,26121,1
2009,3,24254,1
2009,2,24254,1
2010,3,23673,1
2010,2,23673,1
2011,3,24337,1
2012,3,21573,1
2013,3,22641,1
2014,3,23091,1
1989,1,1973,1
1990,1,1822,1
1991,2,1351,1
1992,2,1183,1
1993,2,1237,1
1994,2,1406,1
1995,2,1756,1
1996,2,1738,1
1997,2,1677,1
1998,2,1967,1
1999,2,1698,1
2000,2,1758,1
2001,3,1914,1
2001,2,1914,1
2002,3,2231,1
2002,2,2231,1
2003,2,2898,1
2003,3,2898,1
2004,2,3698,1
2004,3,3698,1
2005,2,4847,1
2005,3,4847,1
2006,2,6018,1
2006,3,6018,1
2007,2,8593,1
2007,3,8593,1
2008,2,10454,1
2008,3,10454,1
2009,2,8465,1
2009,3,8465,1
2010,2,8190,1
2010,3,8190,1
2011,3,9086,1
2012,3,9015,1
2013,3,10080,1
2014,3,10526,1
2015,3,9431,1
2016,3,10020,1
1999,2,48255,1
2000,2,43435,1
2005,2,69301,1
2005,3,69301,1
1995,2,11291,1
1996,2,11346,1
1997,2,11014,1
1998,2,11767,1
1999,2,12041,1
2000,2,10783,1
2001,3,10979,1
2001,2,10979,1
2002,3,12362,1
2002,2,12362,1
2003,3,15568,1
2003,2,15568,1
2004,2,18067,1
2004,3,18067,1
2005,3,19012,1
2005,2,19012,1
2006,3,20634,1
2006,2,20634,1
2007,3,24964,1
2007,2,24964,1
2008,3,28599,1
2008,2,28599,1
2009,3,25872,1
2009,2,25872,1
2010,3,24689,1
2010,2,24689,1
2011,3,26377,1
2012,3,23820,1
2013,3,24697,1
2014,3,25569,1
2015,3,22036,1
1985,1,5009,1
1986,1,6919,1
1987,1,8727,1
1988,1,10250,1
1989,1,11258,1
1990,1,14517,1
1991,2,15574,1
1992,2,17005,1
1993,2,14106,1
1994,2,14223,1
1995,2,16444,1
1996,2,17166,1
1997,2,15738,1
1998,2,16473,1
1999,2,16756,1
2000,2,15538,1
2001,3,16169,1
2001,2,16169,1
2002,3,17924,1
2002,2,17924,1
2003,3,22701,1
2003,2,22701,1
2004,3,26372,1
2004,2,26372,1
2005,3,28092,1
2005,2,28092,1
2006,3,30246,1
2006,2,30246,1
2007,3,34769,1
2007,2,34769,1
2008,3,37848,1
2008,2,37848,1
2009,3,34470,1
2009,2,34470,1
2010,3,32839,1
2010,2,32839,1
2011,3,34097,1
2012,3,30146,1
2013,3,30792,1
2014,3,31171,1
2015,3,27108,1
1987,1,22813,1
1988,1,25731,1
1989,1,26978,1
1990,1,32246,1
1991,2,33623,1
1992,2,34721,1
1993,2,25880,1
1994,2,27658,1
1995,2,32072,1
1996,2,34819,1
1997,2,31821,1
1998,2,31966,1
1999,2,32328,1
2000,2,30896,1
2001,3,28429,1
2001,2,28429,1
2002,3,31175,1
2002,2,31175,1
2003,3,38997,1
2003,2,38997,1
2004,3,44831,1
2004,2,44831,1
2005,3,45563,1
2005,2,45563,1
2006,3,48977,1
2006,2,48977,1
2007,3,56531,1
2007,2,56531,1
2008,3,59155,1
2008,2,59155,1
2009,3,49070,1
2009,2,49070,1
2010,3,55352,1
2010,2,55352,1
2011,3,63380,1
2012,3,60776,1
2013,3,64133,1
2014,3,62956,1
2015,3,54629,1
2016,3,55594,1
1995,2,51774,1
1996,2,49621,1
1997,2,42923,1
1998,2,43872,1
1999,2,42859,1
2000,2,39952,1
2001,3,40582,1
2001,2,40582,1
2002,3,43419,1
2002,2,43419,1
2003,3,50639,1
2003,2,50639,1
2004,3,56123,1
2004,2,56123,1
2005,3,57790,1
2005,2,57790,1
2006,3,60536,1
2006,2,60536,1
2007,3,66807,1
2007,2,66807,1
2008,3,76202,1
2008,2,76202,1
2009,3,73529,1
2009,2,73529,1
2010,3,78474,1
2010,2,78474,1
2011,3,93053,1
2012,3,87951,1
2013,3,89634,1
2014,3,90809,1
2015,3,86068,1
2009,3,9773,1
2009,2,9773,1
2010,3,11525,1
2010,2,11525,1
2011,3,12237,1
2012,3,12671,1
2013,3,13603,1
2014,3,13170,1
2015,3,11961,1
1987,1,1353,1
1988,1,1571,1
1989,1,1732,1
1990,1,1698,1
1991,2,1607,1
1992,2,1525,1
1993,2,1349,1
1994,2,1081,1
1995,2,996,1
1996,2,925,1
1997,2,1046,1
1998,2,879,1
1999,2,666,1
2000,2,663,1
2001,2,812,1
2001,3,812,1
2002,3,920,1
2002,2,920,1
2003,3,1097,1
2003,2,1097,1
2004,3,1432,1
2004,2,1432,1
2005,3,1917,1
2005,2,1917,1
2006,3,2418,1
2006,2,2418,1
2007,3,3229,1
2007,2,3229,1
2008,3,4104,1
2008,2,4104,1
2009,3,2691,1
2009,2,2691,1
2010,3,3141,1
2010,2,3141,1
2011,3,3788,1
2012,3,4096,1
2014,3,3299,1
2015,3,2256,1
1985,1,9231,1
1986,1,11323,1
1987,1,13996,1
1988,1,17072,1
1989,1,17349,1
1990,1,20411,1
1991,2,21201,1
1992,2,21815,1
1993,2,19553,1
1994,2,20927,1
1995,2,24389,1
1996,2,25609,1
1997,2,28091,1
1998,2,29508,1
1999,2,29832,1
2000,2,29358,1
2001,3,29179,1
2001,2,29179,1
2002,3,31630,1
2002,2,31630,1
2003,3,36289,1
2003,2,36289,1
2004,3,42486,1
2004,2,42486,1
2005,3,44372,1
2005,2,44372,1
2006,2,47163,1
2006,3,47163,1
2007,3,53576,1
2007,2,53576,1
2008,3,50111,1
2008,2,50111,1
2009,2,41074,1
2009,3,41074,1
2010,3,41798,1
2010,2,41798,1
2011,3,44491,1
2012,3,44585,1
2013,3,45594,1
2014,3,49906,1
2015,3,47240,1
1987,1,796,2
1988,1,769,2
1989,1,833,2
1992,2,251,2
1993,2,437,2
1994,2,697,2
1995,2,835,2
1996,2,1127,2
1997,2,793,2
1998,2,899,2
1999,2,1127,2
2000,2,1299,2
2001,3,1451,2
2001,2,1451,2
2002,3,1573,2
2002,2,1573,2
2003,3,2021,2
2003,2,2021,2
2004,3,2544,2
2004,2,2544,2
2005,2,2931,2
2005,3,2931,2
2006,2,3235,2
2006,3,3235,2
2007,3,3863,2
2007,2,3863,2
2008,3,4672,2
2008,2,4672,2
2009,2,4387,2
2009,3,4387,2
2010,3,4359,2
2010,2,4359,2
1985,1,9759,2
1986,1,13911,2
1987,1,17415,2
1988,1,18663,2
1989,1,18544,2
1990,1,23020,2
1991,2,23808,2
1992,2,26450,2
1993,2,25611,2
1994,2,27274,2
1995,2,32237,2
1996,2,31660,2
1997,2,28325,2
1998,2,28972,2
1999,2,28722,2
2000,2,25922,2
2001,3,25848,2
2001,2,25848,2
2002,3,27772,2
2002,2,27772,2
2003,3,33889,2
2003,2,33889,2
2004,3,38711,2
2004,2,38711,2
2005,3,40367,2
2005,2,40367,2
2006,3,42698,2
2006,2,42698,2
2007,3,49218,2
2007,2,49218,2
2008,3,54294,2
2008,2,54294,2
2009,3,50356,2
2009,2,50356,2
2010,3,49181,2
2010,2,49181,2
2011,3,53923,2
2012,3,50979,2
2013,3,53229,2
2014,3,54278,2
2015,3,46484,2
2016,3,46976,2
1990,1,2301,2
1991,2,1899,2
1992,2,1780,2
1993,2,1689,2
1994,2,1547,2
1995,2,1444,2
1996,2,1524,2
1997,2,1458,2
1998,2,1570,2
1999,2,1269,2
2000,2,1335,2
2001,3,1299,2
2001,2,1299,2
2002,3,1541,2
2002,2,1541,2
2003,3,1892,2
2003,2,1892,2
2007,3,4898,2
2007,2,4898,2
2008,3,6601,2
2008,2,6601,2
2009,3,5366,2
2009,2,5366,2
2010,3,6371,2
2010,2,6371,2
2011,3,6902,2
2013,3,8477,2
2014,3,8849,2
1985,1,9356,2
1986,1,12992,2
1987,1,16165,2
1988,1,17509,2
1989,1,17659,2
1990,1,22032,2
1991,2,22523,2
1992,2,25036,2
1993,2,23875,2
1994,2,25922,2
1995,2,30394,2
1996,2,29438,2
1997,2,26609,2
1998,2,27087,2
1999,2,26969,2
2000,2,24592,2
2001,3,24494,2
2001,2,24494,2
2002,2,26526,2
2002,3,26526,2
2003,2,32538,2
2003,3,32538,2
2004,2,37661,2
2004,3,37661,2
2005,2,39124,2
2005,3,39124,2
2006,2,41135,2
2006,3,41135,2
2007,2,47040,2
2007,3,47040,2
2008,2,51345,2
2008,3,51345,2
2009,2,47630,2
2009,3,47630,2
2010,2,47355,2
2010,3,47355,2
2011,3,50893,2
2012,3,47678,2
2013,3,49489,2
2014,3,50173,2
2015,3,42830,2
2011,3,5076,2
2014,3,5079,2
1985,1,2044,2
1986,1,2413,2
1987,1,3355,2
1988,1,2688,2
1989,1,2617,2
1990,1,2451,2
1991,2,1298,2
1992,2,1287,2
1993,2,1354,2
1994,2,1213,2
1995,2,1636,2
1996,2,1270,2
1997,2,1411,2
1998,2,1852,2
1999,2,1715,2
2000,2,1680,2
2001,3,1854,2
2001,2,1854,2
2002,3,2157,2
2002,2,2157,2
2003,3,2800,2
2003,2,2800,2
2004,3,3485,2
2004,2,3485,2
2005,3,4003,2
2005,2,4003,2
2006,3,4638,2
2006,2,4638,2
2007,3,6073,2
2007,2,6073,2
2008,3,7487,2
2008,2,7487,2
2009,3,7186,2
2009,2,7186,2
2010,3,7066,2
2010,2,7066,2
2011,3,8137,2
2012,3,7745,2
2013,3,8057,2
2014,3,8241,2
1995,2,4978,2
1996,2,5610,2
1997,2,5546,2
1998,2,6015,2
1999,2,5459,2
2000,2,5288,2
2001,3,5571,2
2001,2,5571,2
2002,3,6373,2
2002,2,6373,2
2003,3,8202,2
2003,2,8202,2
2004,3,9829,2
2004,2,9829,2
2005,3,10722,2
2005,2,10722,2
2006,3,11914,2
2006,2,11914,2
2007,3,14204,2
2007,2,14204,2
2008,3,16680,2
2008,2,16680,2
2009,3,14872,2
2009,2,14872,2
2010,3,14232,2
2010,2,14232,2
2011,3,14890,2
2012,3,13952,2
2013,3,14362,2
2014,3,14299,2
2015,3,12351,2
2016,3,12905,2
1999,2,12389,2
2000,2,11635,2
2004,2,25227,2
2004,3,25227,2
2005,2,26671,2
2005,3,26671,2
2006,2,28600,2
2006,3,28600,2
2007,2,33048,2
2007,3,33048,2
2008,2,37267,2
2008,3,37267,2
2009,3,33816,2
2009,2,33816,2
2010,2,32477,2
2010,3,32477,2
2011,3,34249,2
2012,3,30752,2
2013,3,29624,2
2014,3,29024,2
2015,3,24718,2
2016,3,25098,2
1990,1,4168,2
1991,2,3070,2
1992,2,3573,2
1993,2,4186,2
1994,2,4891,2
1995,2,6134,2
1996,2,6861,2
1997,2,6314,2
1998,2,6779,2
1999,2,6606,2
2000,2,6278,2
2001,3,6863,2
2001,2,6863,2
2002,3,8399,2
2002,2,8399,2
2003,3,10220,2
2003,2,10220,2
2004,3,12226,2
2004,2,12226,2
2005,3,13961,2
2005,2,13961,2
2006,3,15896,2
2006,2,15896,2
2007,3,19273,2
2007,2,19273,2
2008,3,23811,2
2008,2,23811,2
2009,3,20748,2
2009,2,20748,2
2010,3,20862,2
2010,2,20862,2
2011,3,23010,2
2012,3,20898,2
2013,3,21073,2
2014,3,20859,2
2015,3,18703,2
2016,3,19505,2
1994,2,32034,2
1995,2,37841,2
1996,2,38158,2
1997,2,35148,2
1998,2,35710,2
1999,2,35763,2
2000,2,32841,2
2001,3,32837,2
2001,2,32837,2
2002,3,35435,2
2002,2,35435,2
2003,3,43129,2
2003,2,43129,2
2004,2,49552,2
2004,3,49552,2
2005,3,51960,2
2005,2,51960,2
2006,2,55354,2
2006,3,55354,2
2007,3,62229,2
2007,2,62229,2
2008,3,68447,2
2008,2,68447,2
2009,3,61863,2
2009,2,61863,2
2010,3,61711,2
2010,2,61711,2
2011,3,65598,2
2012,3,62071,2
2013,3,64831,2
2014,3,66114,2
2015,3,55972,2
1990,1,1555,2
1991,2,1267,2
1992,2,740,2
1994,2,556,2
1995,2,611,2
1996,2,718,2
1997,2,828,2
1998,2,858,2
1999,2,669,2
2000,2,734,2
2001,3,777,2
2001,2,777,2
2004,3,1253,2
2004,2,1253,2
2005,3,1552,2
2005,2,1552,2
2006,3,1859,2
2006,2,1859,2
2007,3,2448,2
2007,2,2448,2
2009,3,2589,2
2009,2,2589,2
2010,3,2775,2
2010,2,2775,2
2011,3,3435,2
2012,3,3772,2
2013,3,3850,2
2014,3,4757,2
2015,3,4046,2
1990,1,23546,2
1991,2,24662,2
1992,2,27888,2
1993,2,26937,2
1994,2,28588,2
1995,2,33420,2
1996,2,32147,2
1997,2,28420,2
1998,2,28733,2
1999,2,28154,2
2000,2,24922,2
2001,3,24874,2
2001,2,24874,2
2002,3,26441,2
2002,2,26441,2
2003,3,31816,2
2003,2,31816,2
2004,3,35772,2
2004,2,35772,2
2005,3,36289,2
2005,2,36289,2
2006,3,38088,2
2006,2,38088,2
2007,3,43667,2
2007,2,43667,2
2008,3,47702,2
2008,2,47702,2
2009,3,43570,2
2009,2,43570,2
2010,3,43614,2
2010,2,43614,2
2011,3,47947,2
2012,3,45142,2
2013,3,48563,2
2014,3,50167,2
2015,3,43201,2
1985,1,5156,2
1986,1,6040,2
1987,1,6994,2
1988,1,8070,2
1989,1,8310,2
1990,1,10179,2
1991,2,10816,2
1992,2,11818,2
1993,2,10957,2
1994,2,11638,2
1995,2,13550,2
1996,2,14330,2
1997,2,13968,2
1998,2,14008,2
1999,2,13756,2
2000,2,12509,2
2001,3,13043,2
2001,2,13043,2
2002,3,14676,2
2002,2,14676,2
2003,2,19202,2
2003,3,19202,2
2004,2,22804,2
2004,3,22804,2
2005,3,23414,2
2005,2,23414,2
2006,3,25739,2
2006,2,25739,2
2007,3,29896,2
2007,2,29896,2
2008,3,33168,2
2008,2,33168,2
2009,3,30785,2
2009,2,30785,2
2010,3,27886,2
2010,2,27886,2
2011,3,26825,2
2012,3,23309,2
2013,3,22994,2
2014,3,22834,2
2015,3,18927,2
1991,2,3561,2
1992,2,3970,2
1993,2,4116,2
1994,2,4431,2
1995,2,4767,2
1996,2,4792,2
1997,2,4856,2
1998,2,5010,2
1999,2,5147,2
2000,2,4966,2
2001,3,5546,2
2001,2,5546,2
2002,3,6995,2
2002,2,6995,2
2003,3,8840,2
2003,2,8840,2
2004,3,10806,2
2004,2,10806,2
2005,3,11764,2
2005,2,11764,2
2006,3,12021,2
2006,2,12021,2
2007,3,14609,2
2007,2,14609,2
2008,3,16540,2
2008,2,16540,2
2009,3,13697,2
2009,2,13697,2
2010,3,13761,2
2010,2,13761,2
2011,3,14827,2
2012,3,13525,2
2013,3,14333,2
2014,3,14886,2
2015,3,13087,2
2016,3,13448,2
1985,1,13357,2
1986,1,17681,2
1987,1,24107,2
1988,1,26249,2
1989,1,24089,2
1990,1,27316,2
1991,2,28857,2
1992,2,29311,2
1993,2,25474,2
1994,2,25937,2
1995,2,28680,2
1996,2,29740,2
1997,2,30326,2
1998,2,33513,2
1999,2,34858,2
2000,2,34372,2
2001,2,30850,2
2001,3,30850,2
2002,3,34556,2
2002,2,34556,2
2003,2,42174,2
2003,3,42174,2
2004,2,50528,2
2004,3,50528,2
2005,2,60712,2
2005,3,60712,2
2006,2,60243,2
2006,3,60243,2
2007,3,73590,2
2007,2,73590,2
2008,2,59489,2
2008,3,59489,2
2009,2,43700,2
2009,3,43700,2
2010,2,45179,2
2010,3,45179,2
2011,3,49861,2
2012,3,48083,2
2013,3,51749,2
2014,3,56833,2
2015,3,54909,2
2016,3,64708,2
1985,1,6638,2
1986,1,8937,2
1987,1,10515,2
1988,1,11696,2
1989,1,12188,2
1990,1,15312,2
1991,2,15328,2
1992,2,17051,2
1993,2,15872,2
1994,2,17188,2
1995,2,20689,2
1996,2,22478,2
1997,2,24259,2
1998,2,26115,2
1999,2,28344,2
2000,2,28340,2
2001,2,30536,2
2001,3,30536,2
2002,2,35154,2
2002,3,35154,2
2003,2,44473,2
2003,3,44473,2
2004,2,51662,2
2004,3,51662,2
2005,2,55213,2
2005,3,55213,2
2006,2,58941,2
2006,3,58941,2
2007,2,67032,2
2007,3,67032,2
2008,2,67173,2
2008,3,67173,2
2009,2,57390,2
2009,3,57390,2
2010,2,52042,2
2010,3,52042,2
2011,3,56655,2
2012,3,53443,2
2013,3,56628,2
2014,3,59634,2
1985,1,8329,2
1986,1,11762,2
1987,1,14756,2
1988,1,16282,2
1989,1,16922,2
1990,1,21472,2
1991,2,22805,2
1992,2,24297,2
1993,2,19605,2
1994,2,20235,2
1995,2,21625,2
1996,2,24172,2
1997,2,22869,2
1998,2,23342,2
1999,2,23002,2
2000,2,21027,2
2001,3,21392,2
2001,2,21392,2
2002,3,23227,2
2002,2,23227,2
2003,3,28572,2
2003,2,28572,2
2004,3,32704,2
2004,2,32704,2
2005,3,33536,2
2005,2,33536,2
2006,3,34578,2
2006,2,34578,2
2007,3,38935,2
2007,2,38935,2
2008,3,41935,2
2008,2,41935,2
2009,2,38101,2
2009,3,38101,2
2010,3,36869,2
2010,2,36869,2
2011,3,40210,2
2012,3,36497,2
2013,3,37050,2
2014,3,37035,2
2015,3,31537,2
1995,2,2324,2
1996,2,2484,2
1997,2,3008,2
1998,2,3354,2
1999,2,3292,2
2000,2,3481,2
2001,3,3719,2
2001,2,3719,2
2002,3,4360,2
2002,2,4360,2
2003,3,5778,2
2003,2,5778,2
2004,3,7028,2
2004,2,7028,2
2005,3,8229,2
2005,2,8229,2
2006,3,9667,2
2006,2,9667,2
2007,3,12869,2
2007,2,12869,2
2008,3,15669,2
2008,2,15669,2
2009,3,12412,2
2009,2,12412,2
2010,3,12584,2
2010,2,12584,2
2011,3,15097,2
2012,3,15099,2
2013,3,16538,2
2014,3,17442,2
2015,3,15073,2
2016,3,15742,2
1985,1,13743,2
1986,1,20004,2
1987,1,24654,2
1988,1,27676,2
1989,1,29239,2
1990,1,36871,2
1991,2,39465,2
1992,2,43740,2
1993,2,44320,2
1994,2,48610,2
1995,2,56499,2
1996,2,56169,2
1997,2,50260,2
1998,2,50788,2
1999,2,55054,2
2000,2,51841,2
2001,3,51391,2
2001,2,51391,2
2002,2,56484,2
2002,3,56484,2
2003,2,69768,2
2003,3,69768,2
2004,3,80639,2
2004,2,80639,2
2005,3,85397,2
2005,2,85397,2
2006,2,95351,2
2006,3,95351,2
2007,2,112581,2
2007,3,112581,2
2008,2,121315,2
2008,3,121315,2
2009,2,109483,2
2009,3,109483,2
2010,2,111328,2
2010,3,111328,2
2011,3,122729,2
2012,3,113120,2
2013,3,120423,2
2014,3,126352,2
2015,3,107456,2
1985,1,3639,2
1986,1,4544,2
1987,1,5517,2
1988,1,6295,2
1989,1,6539,2
1990,1,7780,2
1991,2,8313,2
1992,2,9040,2
1993,2,8022,2
1994,2,8775,2
1995,2,9974,2
1996,2,10254,2
1997,2,10575,2
1998,2,11103,2
1999,2,11607,2
2000,2,11873,2
2001,3,11691,2
2001,2,11691,2
2002,3,12524,2
2002,2,12524,2
2003,2,14444,2
2003,3,14444,2
2004,3,15916,2
2004,2,15916,2
2005,2,16648,2
2005,3,16648,2
2006,2,17504,2
2006,3,17504,2
2007,3,20333,2
2007,2,20333,2
2008,2,23007,2
2008,3,23007,2
2009,2,21695,2
2009,3,21695,2
2010,2,22132,2
2010,3,22132,2
2011,3,23984,2
2012,3,23074,2
2013,3,25191,2
2014,3,27634,2
2015,3,25750,2
1985,1,10428,2
1986,1,14479,2
1987,1,17560,2
1988,1,18661,2
1989,1,18310,2
1990,1,22425,2
1991,2,22906,2
1992,2,25205,2
1993,2,24385,2
1994,2,25997,2
1995,2,30850,2
1996,2,30625,2
1997,2,28156,2
1998,2,29351,2
1999,2,29799,2
2000,2,27644,2
2001,3,28366,2
2001,2,28366,2
2002,2,30757,2
2002,3,30757,2
2003,3,37614,2
2003,2,37614,2
2004,3,42614,2
2004,2,42614,2
2005,2,44289,2
2005,3,44289,2
2006,2,47281,2
2006,3,47281,2
2007,2,54418,2
2007,3,54418,2
2008,2,60375,2
2008,3,60375,2
2009,2,54988,2
2009,3,54988,2
2010,2,53302,2
2010,3,53302,2
2011,3,56667,2
2012,3,52334,2
2013,3,54510,2
2014,3,55325,2
2015,3,47206,2
2016,3,48108,2
1986,1,20117,2
1987,1,23980,2
1988,1,25820,2
1989,1,25945,2
1990,1,30240,2
1991,2,30678,2
1992,2,32793,2
1993,2,30066,2
1994,2,31520,2
1995,2,37483,2
1996,2,40098,2
1997,2,39335,2
1998,2,37334,2
1999,2,39013,2
2000,2,41099,2
2001,2,41281,2
2001,3,41281,2
2002,2,46049,2
2002,3,46049,2
2003,2,53533,2
2003,3,53533,2
2004,2,61450,2
2004,3,61450,2
2005,2,71215,2
2005,3,71215,2
2006,2,79007,2
2006,3,79007,2
2007,2,90797,2
2007,3,90797,2
2008,2,103431,2
2008,3,103431,2
2009,2,85394,2
2009,3,85394,2
2010,2,93638,2
2010,3,93638,2
2011,3,107430,2
2012,3,108408,2
2013,3,109804,2
2014,3,103443,2
2015,3,79187,2
1990,1,1876,2
1991,2,2416,2
1992,2,2650,2
1993,2,2683,2
1994,2,3081,2
1995,2,3937,2
1996,2,4413,2
1999,2,4640,2
2000,2,4744,2
2001,2,5249,2
2001,3,5249,2
2002,2,5466,2
2002,3,5466,2
2003,2,5983,2
2003,3,5983,2
2004,2,7014,2
2004,3,7014,2
2005,2,8417,2
2005,3,8417,2
2006,3,9485,2
2006,2,9485,2
2007,2,11816,2
2007,3,11816,2
2008,2,14721,2
2008,3,14721,2
2009,2,12141,2
2009,3,12141,2
2010,2,13304,2
2010,3,13304,2
2011,3,14686,2
2012,3,13894,2
2013,3,14552,2
2014,3,15119,2
2015,3,13228,2
1985,1,2912,2
1986,1,4145,2
1987,1,5138,2
1988,1,5995,2
1989,1,6436,2
1990,1,8356,2
1991,2,9483,2
1992,2,11445,2
1993,2,10098,2
1994,2,10566,2
1995,2,12469,2
1996,2,12887,2
1997,2,12237,2
1998,2,12892,2
1999,2,13180,2
2000,2,12152,2
2001,3,12391,2
2001,2,12391,2
2002,3,13614,2
2002,2,13614,2
2003,3,16671,2
2003,2,16671,2
2007,3,24003,2
2007,2,24003,2
2008,3,26121,2
2008,2,26121,2
2009,3,24254,2
2009,2,24254,2
2010,3,23673,2
2010,2,23673,2
2011,3,24337,2
2012,3,21573,2
2013,3,22641,2
2014,3,23091,2
1989,1,1973,2
1990,1,1822,2
1991,2,1351,2
1992,2,1183,2
1993,2,1237,2
1994,2,1406,2
1995,2,1756,2
1996,2,1738,2
1997,2,1677,2
1998,2,1967,2
1999,2,1698,2
2000,2,1758,2
2001,3,1914,2
2001,2,1914,2
2002,3,2231,2
2002,2,2231,2
2003,3,2898,2
2003,2,2898,2
2004,3,3698,2
2004,2,3698,2
2005,3,4847,2
2005,2,4847,2
2006,3,6018,2
2006,2,6018,2
2007,3,8593,2
2007,2,8593,2
2008,3,10454,2
2008,2,10454,2
2009,3,8465,2
2009,2,8465,2
2010,2,8190,2
2010,3,8190,2
2011,3,9086,2
2012,3,9015,2
2013,3,10080,2
2014,3,10526,2
2015,3,9431,2
2016,3,10020,2
1999,2,48255,2
2000,2,43435,2
2005,2,69301,2
2005,3,69301,2
1995,2,11291,2
1996,2,11346,2
1997,2,11014,2
1998,2,11767,2
1999,2,12041,2
2000,2,10783,2
2001,3,10979,2
2001,2,10979,2
2002,3,12362,2
2002,2,12362,2
2003,3,15568,2
2003,2,15568,2
2004,3,18067,2
2004,2,18067,2
2005,3,19012,2
2005,2,19012,2
2006,3,20634,2
2006,2,20634,2
2007,3,24964,2
2007,2,24964,2
2008,3,28599,2
2008,2,28599,2
2009,3,25872,2
2009,2,25872,2
2010,2,24689,2
2010,3,24689,2
2011,3,26377,2
2012,3,23820,2
2013,3,24697,2
2014,3,25569,2
2015,3,22036,2
1985,1,5009,2
1986,1,6919,2
1987,1,8727,2
1988,1,10250,2
1989,1,11258,2
1990,1,14517,2
1991,2,15574,2
1992,2,17005,2
1993,2,14106,2
1994,2,14223,2
1995,2,16444,2
1996,2,17166,2
1997,2,15738,2
1998,2,16473,2
1999,2,16756,2
2000,2,15538,2
2001,3,16169,2
2001,2,16169,2
2002,3,17924,2
2002,2,17924,2
2003,3,22701,2
2003,2,22701,2
2004,3,26372,2
2004,2,26372,2
2005,3,28092,2
2005,2,28092,2
2006,3,30246,2
2006,2,30246,2
2007,3,34769,2
2007,2,34769,2
2008,3,37848,2
2008,2,37848,2
2009,3,34470,2
2009,2,34470,2
2010,3,32839,2
2010,2,32839,2
2011,3,34097,2
2012,3,30146,2
2013,3,30792,2
2014,3,31171,2
2015,3,27108,2
1987,1,22813,2
1988,1,25731,2
1989,1,26978,2
1990,1,32246,2
1991,2,33623,2
1992,2,34721,2
1993,2,25880,2
1994,2,27658,2
1995,2,32072,2
1996,2,34819,2
1997,2,31821,2
1998,2,31966,2
1999,2,32328,2
2000,2,30896,2
2001,3,28429,2
2001,2,28429,2
2002,2,31175,2
2002,3,31175,2
2003,3,38997,2
2003,2,38997,2
2004,2,44831,2
2004,3,44831,2
2005,2,45563,2
2005,3,45563,2
2006,3,48977,2
2006,2,48977,2
2007,2,56531,2
2007,3,56531,2
2008,3,59155,2
2008,2,59155,2
2009,2,49070,2
2009,3,49070,2
2010,2,55352,2
2010,3,55352,2
2011,3,63380,2
2012,3,60776,2
2013,3,64133,2
2014,3,62956,2
2015,3,54629,2
2016,3,55594,2
1995,2,51774,2
1996,2,49621,2
1997,2,42923,2
1998,2,43872,2
1999,2,42859,2
2000,2,39952,2
2001,3,40582,2
2001,2,40582,2
2002,3,43419,2
2002,2,43419,2
2003,3,50639,2
2003,2,50639,2
2004,3,56123,2
2004,2,56123,2
2005,3,57790,2
2005,2,57790,2
2006,3,60536,2
2006,2,60536,2
2007,3,66807,2
2007,2,66807,2
2008,3,76202,2
2008,2,76202,2
2009,3,73529,2
2009,2,73529,2
2010,2,78474,2
2010,3,78474,2
2011,3,93053,2
2012,3,87951,2
2013,3,89634,2
2014,3,90809,2
2015,3,86068,2
2009,3,9773,2
2009,2,9773,2
2010,3,11525,2
2010,2,11525,2
2011,3,12237,2
2012,3,12671,2
2013,3,13603,2
2014,3,13170,2
2015,3,11961,2
1987,1,1353,2
1988,1,1571,2
1989,1,1732,2
1990,1,1698,2
1991,2,1607,2
1992,2,1525,2
1993,2,1349,2
1994,2,1081,2
1995,2,996,2
1996,2,925,2
1997,2,1046,2
1998,2,879,2
1999,2,666,2
2000,2,663,2
2001,3,812,2
2001,2,812,2
2002,3,920,2
2002,2,920,2
2003,3,1097,2
2003,2,1097,2
2004,3,1432,2
2004,2,1432,2
2005,3,1917,2
2005,2,1917,2
2006,3,2418,2
2006,2,2418,2
2007,3,3229,2
2007,2,3229,2
2008,3,4104,2
2008,2,4104,2
2009,3,2691,2
2009,2,2691,2
2010,3,3141,2
2010,2,3141,2
2011,3,3788,2
2012,3,4096,2
2014,3,3299,2
2015,3,2256,2
1985,1,9231,2
1986,1,11323,2
1987,1,13996,2
1988,1,17072,2
1989,1,17349,2
1990,1,20411,2
1991,2,21201,2
1992,2,21815,2
1993,2,19553,2
1994,2,20927,2
1995,2,24389,2
1996,2,25609,2
1997,2,28091,2
1998,2,29508,2
1999,2,29832,2
2000,2,29358,2
2001,2,29179,2
2001,3,29179,2
2002,3,31630,2
2002,2,31630,2
2003,3,36289,2
2003,2,36289,2
2004,3,42486,2
2004,2,42486,2
2005,2,44372,2
2005,3,44372,2
2006,2,47163,2
2006,3,47163,2
2007,2,53576,2
2007,3,53576,2
2008,2,50111,2
2008,3,50111,2
2009,2,41074,2
2009,3,41074,2
2010,2,41798,2
2010,3,41798,2
2011,3,44491,2
2012,3,44585,2
2013,3,45594,2
2014,3,49906,2
2015,3,47240,2
1990,1,756,3
1991,2,640,3
1992,2,385,3
1993,2,357,3
1994,2,387,3
1995,2,426,3
1996,2,458,3
1997,2,465,3
1998,2,532,3
1999,2,515,3
2000,2,530,3
2001,2,587,3
2001,3,587,3
2002,3,788,3
2002,2,788,3
2003,3,928,3
2003,2,928,3
2006,3,2310,3
2006,2,2310,3
2007,3,3366,3
2007,2,3366,3
2008,3,3829,3
2008,2,3829,3
2009,3,3215,3
2009,2,3215,3
2010,3,3460,3
2010,2,3460,3
2011,3,3798,3
2012,3,3773,3
2013,3,3957,3
2014,3,4142,3
2015,3,3775,3
2016,3,3788,3
1990,1,1439,3
1991,2,1398,3
1992,2,784,3
1993,2,617,3
1994,2,508,3
1995,2,462,3
1996,2,476,3
1997,2,590,3
1998,2,631,3
1999,2,645,3
2000,2,711,3
2001,2,759,3
2001,3,759,3
2002,2,820,3
2002,3,820,3
2003,3,948,3
2003,2,948,3
2004,2,1122,3
2004,3,1122,3
2007,3,4172,3
2007,2,4172,3
1985,1,9980,3
1987,1,9321,3
1988,1,9501,3
1997,2,11985,3
1998,2,11325,3
1999,2,11703,3
2000,2,15345,3
2001,2,14383,3
2001,3,14383,3
2002,2,14572,3
2002,3,14572,3
2003,2,15756,3
2003,3,15756,3
2004,2,17497,3
2004,3,17497,3
2005,2,19485,3
2005,3,19485,3
2006,2,20826,3
2006,3,20826,3
2007,2,22524,3
2007,3,22524,3
2008,2,25106,3
2008,3,25106,3
2009,2,20988,3
2009,3,20988,3
2010,2,22572,3
2010,3,22572,3
2011,3,26078,3
2012,3,25587,3
2013,3,26793,3
2014,3,27503,3
1990,1,1555,3
1991,2,1267,3
1992,2,740,3
1994,2,556,3
1995,2,611,3
1996,2,718,3
1997,2,828,3
1998,2,858,3
1999,2,669,3
2000,2,734,3
2001,2,777,3
2001,3,777,3
2004,3,1253,3
2004,2,1253,3
2005,3,1552,3
2005,2,1552,3
2006,3,1859,3
2006,2,1859,3
2007,3,2448,3
2007,2,2448,3
2009,3,2589,3
2009,2,2589,3
2010,2,2775,3
2010,3,2775,3
2011,3,3435,3
2012,3,3772,3
2013,3,3850,3
2014,3,4757,3
2015,3,4046,3
1985,1,7325,3
1986,1,8938,3
1987,1,10558,3
1988,1,12687,3
1989,1,12405,3
1990,1,14193,3
1991,2,15267,3
1992,2,16469,3
1993,2,16102,3
1994,2,17814,3
1995,2,20159,3
1996,2,21545,3
1997,2,21921,3
1998,2,21637,3
1999,2,21319,3
2000,2,23451,3
2001,3,22623,3
2001,2,22623,3
2002,3,20536,3
2002,2,20536,3
2003,3,21133,3
2003,2,21133,3
2004,3,22168,3
2004,2,22168,3
2005,3,22901,3
2005,2,22901,3
2006,3,24306,3
2006,2,24306,3
2007,3,27712,3
2007,2,27712,3
2008,3,32874,3
2008,2,32874,3
2009,3,30812,3
2009,2,30812,3
2010,3,34104,3
2010,2,34104,3
2011,3,37528,3
2012,3,36263,3
2013,3,40477,3
2014,3,41869,3
2015,3,39793,3
1985,1,12401,3
1986,1,18288,3
1987,1,22137,3
1988,1,26687,3
1989,1,26389,3
1990,1,26949,3
1991,2,30688,3
1992,2,33320,3
1993,2,37832,3
1994,2,41563,3
1995,2,46043,3
1996,2,40693,3
1997,2,37080,3
1998,2,33791,3
1999,2,38164,3
2000,2,40813,3
2001,2,35843,3
2001,3,35843,3
2002,2,34239,3
2002,3,34239,3
2003,2,36926,3
2003,3,36926,3
2004,2,39960,3
2004,3,39960,3
2005,2,39412,3
2005,3,39412,3
2006,2,37534,3
2006,3,37534,3
2007,2,37408,3
2007,3,37408,3
2008,2,41773,3
2008,3,41773,3
2009,2,43415,3
2009,3,43415,3
2010,2,47059,3
2010,3,47059,3
2011,3,50919,3
2012,3,51379,3
2013,3,42781,3
2014,3,40328,3
2015,3,36510,3
1990,1,1823,3
1991,2,1664,3
1992,2,1644,3
1993,2,1527,3
1994,2,1395,3
1995,2,1359,3
1996,2,1452,3
1997,2,1540,3
1998,2,1599,3
1999,2,1225,3
2000,2,1328,3
2001,2,1608,3
2001,3,1608,3
2002,2,1788,3
2002,3,1788,3
2003,2,2232,3
2003,3,2232,3
2004,3,3110,3
2004,2,3110,3
2005,2,4096,3
2005,3,4096,3
2006,3,5770,3
2006,2,5770,3
2007,3,7423,3
2007,2,7423,3
2008,3,9387,3
2008,2,9387,3
2009,3,8024,3
2009,2,8024,3
2010,3,10062,3
2010,2,10062,3
2011,3,12969,3
2012,3,13845,3
2013,3,15552,3
2014,3,14351,3
2015,3,11784,3
1985,1,14607,3
1986,1,11661,3
1987,1,13924,3
1993,2,18798,3
1994,2,17161,3
1995,2,17995,3
1996,2,20076,3
1997,2,18766,3
1998,2,14209,3
1999,2,15864,3
2000,2,19112,3
2001,2,17116,3
2001,3,17116,3
2002,2,17668,3
2002,3,17668,3
2003,2,24544,3
2003,3,24544,3
2004,2,29778,3
2004,3,29778,3
2005,2,39166,3
2005,3,39166,3
2006,2,46890,3
2006,3,46890,3
2007,2,37283,3
2007,3,37283,3
2008,2,43746,3
2008,3,43746,3
2009,2,33453,3
2009,3,33453,3
2010,2,35171,3
2010,3,35171,3
2011,3,46203,3
2012,3,49781,3
2013,3,48729,3
2014,3,43774,3
1990,1,715,3
1991,2,677,3
1992,2,603,3
1993,2,528,3
1994,2,437,3
1995,2,425,3
1996,2,459,3
1997,2,435,3
1998,2,398,3
1999,2,291,3
2000,2,313,3
2001,3,345,3
2001,2,345,3
2002,2,359,3
2002,3,359,3
2003,2,424,3
2003,3,424,3
2004,2,484,3
2004,3,484,3
2005,3,533,3
2005,2,533,3
2006,3,610,3
2006,2,610,3
2007,2,814,3
2007,3,814,3
2008,2,1096,3
2008,3,1096,3
2009,2,977,3
2009,3,977,3
2010,3,991,3
2010,2,991,3
2011,3,1273,3
2012,3,1339,3
2013,3,1463,3
2014,3,1465,3
2015,3,1285,3
2000,2,2524,3
2001,2,3406,3
2001,3,3406,3
2002,2,3401,3
2002,3,3401,3
2003,2,3867,3
2003,3,3867,3
2004,2,4373,3
2004,3,4373,3
2005,2,4026,3
2005,3,4026,3
2007,2,6115,3
2007,3,6115,3
2008,2,7236,3
2008,3,7236,3
2010,2,7806,3
2010,3,7806,3
2011,3,8135,3
2009,3,18557,3
2009,2,18557,3
2010,2,21337,3
2010,3,21337,3
2014,3,22328,3
1992,2,958,3
1993,2,957,3
1997,2,1312,3
1998,2,1124,3
1999,2,1262,3
2000,2,1205,3
2001,3,1109,3
2001,2,1109,3
2002,3,1158,3
2002,2,1158,3
2003,3,1169,3
2003,2,1169,3
2006,3,1599,3
2006,2,1599,3
2007,3,1915,3
2007,2,1915,3
2008,3,2188,3
2008,2,2188,3
2009,3,2073,3
2009,2,2073,3
2010,3,2412,3
2010,2,2412,3
2011,3,2662,3
1995,2,17559,3
2001,2,32510,3
2001,3,32510,3
2004,2,45517,3
2004,3,45517,3
2005,2,55899,3
2005,3,55899,3
2006,3,64762,3
2006,2,64762,3
2007,2,71460,3
2007,3,71460,3
2008,2,87961,3
2008,3,87961,3
2009,2,64911,3
2009,3,64911,3
2010,2,74055,3
2010,3,74055,3
2011,3,90490,3
2012,3,93270,3
2013,3,93066,3
2014,3,91587,3
2015,3,69937,3
2016,3,62484,3
1989,1,3740,3
1990,1,3789,3
1991,2,3773,3
1992,2,3333,3
1993,2,3160,3
1994,2,2853,3
1995,2,2844,3
1996,2,2813,3
1997,2,2907,3
1998,2,1948,3
1999,2,1412,3
2000,2,1879,3
2001,2,2229,3
2001,3,2229,3
2002,2,2527,3
2002,3,2527,3
2003,3,3141,3
2003,2,3141,3
2004,3,4312,3
2004,2,4312,3
2005,3,5611,3
2005,2,5611,3
2006,3,7313,3
2006,2,7313,3
2007,3,9643,3
2007,2,9643,3
2008,3,12359,3
2008,2,12359,3
2009,3,9118,3
2009,2,9118,3
2010,3,11307,3
2010,2,11307,3
2011,3,15226,3
2012,3,16413,3
2013,3,17052,3
2014,3,15319,3
2015,3,9987,3
1985,1,8142,3
1986,1,7805,3
1987,1,8679,3
1988,1,10586,3
1989,1,12514,3
1990,1,14393,3
1991,2,17768,3
1992,2,20029,3
1993,2,22835,3
1994,2,27202,3
1995,2,31783,3
1996,2,34148,3
1997,2,34779,3
1998,2,29150,3
1999,2,28789,3
2000,2,31446,3
2001,3,28774,3
2001,2,28774,3
2002,3,29048,3
2002,2,29048,3
2003,3,30067,3
2003,2,30067,3
2004,3,34799,3
2004,2,34799,3
2005,3,38122,3
2005,2,38122,3
2006,3,43318,3
2006,2,43318,3
2007,3,53098,3
2007,2,53098,3
2008,3,55735,3
2008,2,55735,3
2009,3,54413,3
2009,2,54413,3
2010,3,66099,3
2010,2,66099,3
2011,3,76638,3
2012,3,80040,3
2013,3,83151,3
2014,3,84442,3
2015,3,81766,3
1985,1,431,3
1986,1,454,3
1996,2,834,3
1997,2,900,3
1998,2,935,3
1999,2,920,3
2000,2,953,3
2001,3,912,3
2001,2,912,3
2002,3,951,3
2002,2,951,3
2003,3,1077,3
2003,2,1077,3
2006,3,1580,3
2006,2,1580,3
1985,1,840,3
1986,1,911,3
1987,1,1045,3
1990,1,1666,3
1991,2,1891,3
1992,2,2120,3
1994,2,2784,3
1995,2,3114,3
1996,2,3324,3
1997,2,2689,3
1998,2,2005,3
1999,2,2203,3
2000,2,2169,3
2002,3,2305,3
2002,2,2305,3
2003,2,2531,3
2003,3,2531,3
2004,3,2849,3
2004,2,2849,3
2005,3,3094,3
2005,2,3094,3
2006,2,3598,3
2006,3,3598,3
2007,3,4461,3
2007,2,4461,3
2008,3,4921,3
2008,2,4921,3
2009,3,4736,3
2009,2,4736,3
2010,3,5707,3
2010,2,5707,3
2011,3,6153,3
2012,3,6584,3
2013,3,6917,3
2014,3,6662,3
2015,3,6552,3
2016,3,6713,3
2009,3,9773,3
2009,2,9773,3
2010,3,11525,3
2010,2,11525,3
2011,3,12237,3
2012,3,12671,3
2013,3,13603,3
2014,3,13170,3
2015,3,11961,3
1987,1,815,3
1988,1,1029,3
1989,1,1003,3
1990,1,1036,3
1991,2,1014,3
1992,2,984,3
1993,2,954,3
1994,2,748,3
1995,2,650,3
1996,2,608,3
1997,2,612,3
1998,2,636,3
1999,2,619,3
2000,2,721,3
2001,3,863,3
2001,2,863,3
2002,2,1077,3
2002,3,1077,3
2003,3,1431,3
2003,2,1431,3
2004,3,1624,3
2004,2,1624,3
2005,2,1906,3
2005,3,1906,3
2006,3,2397,3
2006,2,2397,3
2007,2,2916,3
2007,3,2916,3
2008,2,4368,3
2008,3,4368,3
2009,3,4508,3
2009,2,4508,3
2010,3,4962,3
2010,2,4962,3
2011,3,6319,3
2012,3,7498,3
2013,3,8255,3
2014,3,9046,3
2015,3,7326,3
2005,2,42196,3
2005,3,42196,3
2006,2,45110,3
2006,3,45110,3
2007,2,45285,3
2007,3,45285,3
2008,2,48457,3
2008,3,48457,3
2009,2,34960,3
2009,3,34960,3
2010,3,36964,3
2010,2,36964,3
1990,1,778,3
1991,2,788,3
1992,2,709,3
1993,2,708,3
1994,2,674,3
1995,2,681,3
1996,2,703,3
1997,2,724,3
1998,2,719,3
1999,2,801,3
2000,2,632,3
2001,2,513,3
2001,3,513,3
2002,3,428,3
2002,2,428,3
2003,2,441,3
2003,3,441,3
2004,2,516,3
2004,3,516,3
2005,2,606,3
2005,3,606,3
2009,2,1332,3
2009,3,1332,3
2010,2,1533,3
2010,3,1533,3
2011,3,1767,3
2012,3,1964,3
2013,3,2150,3
2014,3,2309,3
1990,1,756,4
1991,2,640,4
1992,2,385,4
1993,2,357,4
1994,2,387,4
1995,2,426,4
1996,2,458,4
1997,2,465,4
1998,2,532,4
1999,2,515,4
2000,2,530,4
2001,3,587,4
2001,2,587,4
2002,3,788,4
2002,2,788,4
2003,3,928,4
2003,2,928,4
2006,2,2310,4
2006,3,2310,4
2007,2,3366,4
2007,3,3366,4
2008,2,3829,4
2008,3,3829,4
2009,3,3215,4
2009,2,3215,4
2010,2,3460,4
2010,3,3460,4
2011,3,3798,4
2012,3,3773,4
2013,3,3957,4
2014,3,4142,4
2015,3,3775,4
2016,3,3788,4
1990,1,1439,4
1991,2,1398,4
1992,2,784,4
1993,2,617,4
1994,2,508,4
1995,2,462,4
1996,2,476,4
1997,2,590,4
1998,2,631,4
1999,2,645,4
2000,2,711,4
2001,3,759,4
2001,2,759,4
2002,2,820,4
2002,3,820,4
2003,3,948,4
2003,2,948,4
2004,3,1122,4
2004,2,1122,4
2007,3,4172,4
2007,2,4172,4
1985,1,9980,4
1987,1,9321,4
1988,1,9501,4
1997,2,11985,4
1998,2,11325,4
1999,2,11703,4
2000,2,15345,4
2001,2,14383,4
2001,3,14383,4
2002,2,14572,4
2002,3,14572,4
2003,2,15756,4
2003,3,15756,4
2004,2,17497,4
2004,3,17497,4
2005,2,19485,4
2005,3,19485,4
2006,2,20826,4
2006,3,20826,4
2007,2,22524,4
2007,3,22524,4
2008,2,25106,4
2008,3,25106,4
2009,2,20988,4
2009,3,20988,4
2010,2,22572,4
2010,3,22572,4
2011,3,26078,4
2012,3,25587,4
2013,3,26793,4
2014,3,27503,4
1990,1,1555,4
1991,2,1267,4
1992,2,740,4
1994,2,556,4
1995,2,611,4
1996,2,718,4
1997,2,828,4
1998,2,858,4
1999,2,669,4
2000,2,734,4
2001,3,777,4
2001,2,777,4
2004,3,1253,4
2004,2,1253,4
2005,3,1552,4
2005,2,1552,4
2006,3,1859,4
2006,2,1859,4
2007,3,2448,4
2007,2,2448,4
2009,3,2589,4
2009,2,2589,4
2010,3,2775,4
2010,2,2775,4
2011,3,3435,4
2012,3,3772,4
2013,3,3850,4
2014,3,4757,4
2015,3,4046,4
1985,1,7325,4
1986,1,8938,4
1987,1,10558,4
1988,1,12687,4
1989,1,12405,4
1990,1,14193,4
1991,2,15267,4
1992,2,16469,4
1993,2,16102,4
1994,2,17814,4
1995,2,20159,4
1996,2,21545,4
1997,2,21921,4
1998,2,21637,4
1999,2,21319,4
2000,2,23451,4
2001,3,22623,4
2001,2,22623,4
2002,3,20536,4
2002,2,20536,4
2003,3,21133,4
2003,2,21133,4
2004,3,22168,4
2004,2,22168,4
2005,3,22901,4
2005,2,22901,4
2006,3,24306,4
2006,2,24306,4
2007,3,27712,4
2007,2,27712,4
2008,3,32874,4
2008,2,32874,4
2009,2,30812,4
2009,3,30812,4
2010,3,34104,4
2010,2,34104,4
2011,3,37528,4
2012,3,36263,4
2013,3,40477,4
2014,3,41869,4
2015,3,39793,4
1985,1,12401,4
1986,1,18288,4
1987,1,22137,4
1988,1,26687,4
1989,1,26389,4
1990,1,26949,4
1991,2,30688,4
1992,2,33320,4
1993,2,37832,4
1994,2,41563,4
1995,2,46043,4
1996,2,40693,4
1997,2,37080,4
1998,2,33791,4
1999,2,38164,4
2000,2,40813,4
2001,3,35843,4
2001,2,35843,4
2002,3,34239,4
2002,2,34239,4
2003,3,36926,4
2003,2,36926,4
2004,3,39960,4
2004,2,39960,4
2005,3,39412,4
2005,2,39412,4
2006,3,37534,4
2006,2,37534,4
2007,3,37408,4
2007,2,37408,4
2008,3,41773,4
2008,2,41773,4
2009,3,43415,4
2009,2,43415,4
2010,3,47059,4
2010,2,47059,4
2011,3,50919,4
2012,3,51379,4
2013,3,42781,4
2014,3,40328,4
2015,3,36510,4
1990,1,1823,4
1991,2,1664,4
1992,2,1644,4
1993,2,1527,4
1994,2,1395,4
1995,2,1359,4
1996,2,1452,4
1997,2,1540,4
1998,2,1599,4
1999,2,1225,4
2000,2,1328,4
2001,3,1608,4
2001,2,1608,4
2002,3,1788,4
2002,2,1788,4
2003,3,2232,4
2003,2,2232,4
2004,3,3110,4
2004,2,3110,4
2005,3,4096,4
2005,2,4096,4
2006,3,5770,4
2006,2,5770,4
2007,3,7423,4
2007,2,7423,4
2008,3,9387,4
2008,2,9387,4
2009,3,8024,4
2009,2,8024,4
2010,3,10062,4
2010,2,10062,4
2011,3,12969,4
2012,3,13845,4
2013,3,15552,4
2014,3,14351,4
2015,3,11784,4
1985,1,14607,4
1986,1,11661,4
1987,1,13924,4
1993,2,18798,4
1994,2,17161,4
1995,2,17995,4
1996,2,20076,4
1997,2,18766,4
1998,2,14209,4
1999,2,15864,4
2000,2,19112,4
2001,2,17116,4
2001,3,17116,4
2002,2,17668,4
2002,3,17668,4
2003,2,24544,4
2003,3,24544,4
2004,2,29778,4
2004,3,29778,4
2005,2,39166,4
2005,3,39166,4
2006,2,46890,4
2006,3,46890,4
2007,2,37283,4
2007,3,37283,4
2008,2,43746,4
2008,3,43746,4
2009,2,33453,4
2009,3,33453,4
2010,2,35171,4
2010,3,35171,4
2011,3,46203,4
2012,3,49781,4
2013,3,48729,4
2014,3,43774,4
1990,1,715,4
1991,2,677,4
1992,2,603,4
1993,2,528,4
1994,2,437,4
1995,2,425,4
1996,2,459,4
1997,2,435,4
1998,2,398,4
1999,2,291,4
2000,2,313,4
2001,3,345,4
2001,2,345,4
2002,3,359,4
2002,2,359,4
2003,2,424,4
2003,3,424,4
2004,3,484,4
2004,2,484,4
2005,2,533,4
2005,3,533,4
2006,3,610,4
2006,2,610,4
2007,3,814,4
2007,2,814,4
2008,3,1096,4
2008,2,1096,4
2009,3,977,4
2009,2,977,4
2010,3,991,4
2010,2,991,4
2011,3,1273,4
2012,3,1339,4
2013,3,1463,4
2014,3,1465,4
2015,3,1285,4
2000,2,2524,4
2001,3,3406,4
2001,2,3406,4
2002,2,3401,4
2002,3,3401,4
2003,2,3867,4
2003,3,3867,4
2004,2,4373,4
2004,3,4373,4
2005,2,4026,4
2005,3,4026,4
2007,2,6115,4
2007,3,6115,4
2008,2,7236,4
2008,3,7236,4
2010,2,7806,4
2010,3,7806,4
2011,3,8135,4
2009,2,18557,4
2009,3,18557,4
2010,2,21337,4
2010,3,21337,4
2014,3,22328,4
1992,2,958,4
1993,2,957,4
1997,2,1312,4
1998,2,1124,4
1999,2,1262,4
2000,2,1205,4
2001,2,1109,4
2001,3,1109,4
2002,3,1158,4
2002,2,1158,4
2003,3,1169,4
2003,2,1169,4
2006,3,1599,4
2006,2,1599,4
2007,2,1915,4
2007,3,1915,4
2008,3,2188,4
2008,2,2188,4
2009,2,2073,4
2009,3,2073,4
2010,3,2412,4
2010,2,2412,4
2011,3,2662,4
1995,2,17559,4
2001,2,32510,4
2001,3,32510,4
2004,2,45517,4
2004,3,45517,4
2005,2,55899,4
2005,3,55899,4
2006,2,64762,4
2006,3,64762,4
2007,2,71460,4
2007,3,71460,4
2008,2,87961,4
2008,3,87961,4
2009,2,64911,4
2009,3,64911,4
2010,2,74055,4
2010,3,74055,4
2011,3,90490,4
2012,3,93270,4
2013,3,93066,4
2014,3,91587,4
2015,3,69937,4
2016,3,62484,4
1989,1,3740,4
1990,1,3789,4
1991,2,3773,4
1992,2,3333,4
1993,2,3160,4
1994,2,2853,4
1995,2,2844,4
1996,2,2813,4
1997,2,2907,4
1998,2,1948,4
1999,2,1412,4
2000,2,1879,4
2001,3,2229,4
2001,2,2229,4
2002,3,2527,4
2002,2,2527,4
2003,3,3141,4
2003,2,3141,4
2004,3,4312,4
2004,2,4312,4
2005,3,5611,4
2005,2,5611,4
2006,3,7313,4
2006,2,7313,4
2007,3,9643,4
2007,2,9643,4
2008,3,12359,4
2008,2,12359,4
2009,3,9118,4
2009,2,9118,4
2010,3,11307,4
2010,2,11307,4
2011,3,15226,4
2012,3,16413,4
2013,3,17052,4
2014,3,15319,4
2015,3,9987,4
1985,1,8142,4
1986,1,7805,4
1987,1,8679,4
1988,1,10586,4
1989,1,12514,4
1990,1,14393,4
1991,2,17768,4
1992,2,20029,4
1993,2,22835,4
1994,2,27202,4
1995,2,31783,4
1996,2,34148,4
1997,2,34779,4
1998,2,29150,4
1999,2,28789,4
2000,2,31446,4
2001,3,28774,4
2001,2,28774,4
2002,3,29048,4
2002,2,29048,4
2003,3,30067,4
2003,2,30067,4
2004,3,34799,4
2004,2,34799,4
2005,3,38122,4
2005,2,38122,4
2006,3,43318,4
2006,2,43318,4
2007,3,53098,4
2007,2,53098,4
2008,3,55735,4
2008,2,55735,4
2009,3,54413,4
2009,2,54413,4
2010,3,66099,4
2010,2,66099,4
2011,3,76638,4
2012,3,80040,4
2013,3,83151,4
2014,3,84442,4
2015,3,81766,4
1985,1,431,4
1986,1,454,4
1996,2,834,4
1997,2,900,4
1998,2,935,4
1999,2,920,4
2000,2,953,4
2001,3,912,4
2001,2,912,4
2002,3,951,4
2002,2,951,4
2003,3,1077,4
2003,2,1077,4
2006,3,1580,4
2006,2,1580,4
1985,1,840,4
1986,1,911,4
1987,1,1045,4
1990,1,1666,4
1991,2,1891,4
1992,2,2120,4
1994,2,2784,4
1995,2,3114,4
1996,2,3324,4
1997,2,2689,4
1998,2,2005,4
1999,2,2203,4
2000,2,2169,4
2002,3,2305,4
2002,2,2305,4
2003,3,2531,4
2003,2,2531,4
2004,3,2849,4
2004,2,2849,4
2005,2,3094,4
2005,3,3094,4
2006,2,3598,4
2006,3,3598,4
2007,3,4461,4
2007,2,4461,4
2008,3,4921,4
2008,2,4921,4
2009,2,4736,4
2009,3,4736,4
2010,3,5707,4
2010,2,5707,4
2011,3,6153,4
2012,3,6584,4
2013,3,6917,4
2014,3,6662,4
2015,3,6552,4
2016,3,6713,4
2009,3,9773,4
2009,2,9773,4
2010,3,11525,4
2010,2,11525,4
2011,3,12237,4
2012,3,12671,4
2013,3,13603,4
2014,3,13170,4
2015,3,11961,4
1987,1,815,4
1988,1,1029,4
1989,1,1003,4
1990,1,1036,4
1991,2,1014,4
1992,2,984,4
1993,2,954,4
1994,2,748,4
1995,2,650,4
1996,2,608,4
1997,2,612,4
1998,2,636,4
1999,2,619,4
2000,2,721,4
2001,2,863,4
2001,3,863,4
2002,2,1077,4
2002,3,1077,4
2003,3,1431,4
2003,2,1431,4
2004,3,1624,4
2004,2,1624,4
2005,2,1906,4
2005,3,1906,4
2006,3,2397,4
2006,2,2397,4
2007,3,2916,4
2007,2,2916,4
2008,3,4368,4
2008,2,4368,4
2009,2,4508,4
2009,3,4508,4
2010,2,4962,4
2010,3,4962,4
2011,3,6319,4
2012,3,7498,4
2013,3,8255,4
2014,3,9046,4
2015,3,7326,4
2005,2,42196,4
2005,3,42196,4
2006,2,45110,4
2006,3,45110,4
2007,2,45285,4
2007,3,45285,4
2008,2,48457,4
2008,3,48457,4
2009,2,34960,4
2009,3,34960,4
2010,2,36964,4
2010,3,36964,4
1990,1,778,4
1991,2,788,4
1992,2,709,4
1993,2,708,4
1994,2,674,4
1995,2,681,4
1996,2,703,4
1997,2,724,4
1998,2,719,4
1999,2,801,4
2000,2,632,4
2001,3,513,4
2001,2,513,4
2002,3,428,4
2002,2,428,4
2003,3,441,4
2003,2,441,4
2004,3,516,4
2004,2,516,4
2005,3,606,4
2005,2,606,4
2009,3,1332,4
2009,2,1332,4
2010,3,1533,4
2010,2,1533,4
2011,3,1767,4
2012,3,1964,4
2013,3,2150,4
2014,3,2309,4
1985,1,3264,5
1986,1,4072,5
1987,1,4026,5
1988,1,4458,5
1989,1,2670,5
1990,1,4859,5
1991,2,6404,5
1992,2,7615,5
1993,2,7768,5
1994,2,8328,5
1995,2,8232,5
1996,2,8563,5
1997,2,9057,5
1998,2,9126,5
1999,2,8546,5
2000,2,8462,5
2001,3,7900,5
2001,2,7900,5
2002,3,2840,5
2002,2,2840,5
2003,3,3668,5
2003,2,3668,5
2004,3,4683,5
2004,2,4683,5
2005,3,5590,5
2005,2,5590,5
2006,3,6475,5
2006,2,6475,5
2007,3,7918,5
2007,2,7918,5
2008,3,9843,5
2008,2,9843,5
2009,3,8961,5
2009,2,8961,5
2010,3,11273,5
2010,2,11273,5
2011,3,13946,5
2012,3,14203,5
2013,3,14206,5
2014,3,13400,5
2015,3,14981,5
1985,1,6137,5
1986,1,6720,5
1987,1,7333,5
1988,1,7763,5
1989,1,8541,5
1990,1,8537,5
1991,2,8469,5
1992,2,8129,5
1993,2,8540,5
1994,2,8953,5
1995,2,9378,5
2000,2,12430,5
2001,2,12348,5
2001,3,12348,5
2002,2,12511,5
2002,3,12511,5
2003,2,12887,5
2003,3,12887,5
2004,2,13786,5
2004,3,13786,5
2005,2,15230,5
2005,3,15230,5
2006,3,16531,5
2006,2,16531,5
2007,2,17528,5
2007,3,17528,5
2008,2,17760,5
2008,3,17760,5
2009,3,17007,5
2009,2,17007,5
2010,2,17034,5
2010,3,17034,5
2011,3,17708,5
2012,3,17620,5
2013,3,17395,5
1986,1,1552,5
1987,1,1920,5
1989,1,2372,5
1990,1,2614,5
1991,2,2742,5
1993,2,3278,5
1994,2,3399,5
1995,2,3436,5
1996,2,3545,5
1997,2,3487,5
1998,2,3531,5
1999,2,3615,5
2000,2,3960,5
2001,3,4013,5
2001,2,4013,5
2002,2,4161,5
2002,3,4161,5
2003,2,4289,5
2003,3,4289,5
2004,2,4449,5
2004,3,4449,5
2005,2,4547,5
2005,3,4547,5
2006,2,4815,5
2006,3,4815,5
2007,3,4951,5
2007,2,4951,5
2008,3,5098,5
2008,2,5098,5
2009,2,4841,5
2009,3,4841,5
2010,2,4923,5
2010,3,4923,5
2011,3,5098,5
2012,3,5264,5
2013,3,5272,5
2014,3,5448,5
2015,3,5561,5
1985,1,1898,5
1986,1,2257,5
1987,1,2394,5
1988,1,2628,5
1989,1,3310,5
1990,1,3516,5
1991,2,4490,5
1992,2,2924,5
1993,2,3136,5
1994,2,3925,5
1995,2,5313,5
1996,2,5771,5
1997,2,5891,5
1998,2,5663,5
1999,2,3864,5
2000,2,4156,5
2001,3,3492,5
2001,2,3492,5
2002,3,3121,5
2002,2,3121,5
2003,3,3376,5
2003,2,3376,5
2004,3,3984,5
2004,2,3984,5
2005,3,5230,5
2005,2,5230,5
2006,3,6403,5
2006,2,6403,5
2007,3,7970,5
2007,2,7970,5
2008,3,9555,5
2008,2,9555,5
2009,3,9283,5
2009,2,9283,5
2010,3,12161,5
2010,2,12161,5
2011,3,14245,5
2012,3,13283,5
2013,3,13191,5
2014,3,12975,5
2015,3,9431,5
1985,1,15522,5
1986,1,16062,5
1987,1,18124,5
1988,1,21069,5
1989,1,23188,5
1990,1,24041,5
1991,2,24038,5
1992,2,22393,5
1993,2,21421,5
1994,2,21219,5
1995,2,21871,5
1996,2,22686,5
1997,2,23245,5
1998,2,22268,5
1999,2,23572,5
2000,2,25589,5
2001,3,25165,5
2001,2,25165,5
2002,3,25570,5
2002,2,25570,5
2003,2,29787,5
2003,3,29787,5
2004,3,33787,5
2004,2,33787,5
2005,3,38218,5
2005,2,38218,5
2006,3,42566,5
2006,2,42566,5
2007,3,46890,5
2007,2,46890,5
2008,3,49041,5
2008,2,49041,5
2009,2,42933,5
2009,3,42933,5
2010,3,49974,5
2010,2,49974,5
2011,3,54841,5
2012,3,55347,5
2013,3,55310,5
1985,1,1658,5
1986,1,1728,5
1987,1,1985,5
1988,1,2303,5
1989,1,2599,5
1990,1,2828,5
1991,2,3187,5
1992,2,3791,5
1993,2,4006,5
1994,2,4551,5
1995,2,5695,5
1996,2,5946,5
1997,2,6368,5
1998,2,6023,5
1999,2,5470,5
2000,2,5584,5
2001,3,5020,5
2001,2,5020,5
2002,3,4866,5
2002,2,4866,5
2003,3,5208,5
2003,2,5208,5
2004,3,6744,5
2004,2,6744,5
2005,3,8256,5
2005,2,8256,5
2006,3,10270,5
2006,2,10270,5
2007,3,11387,5
2007,2,11387,5
2008,3,11653,5
2008,2,11653,5
2009,3,11062,5
2009,2,11062,5
2010,3,13874,5
2010,2,13874,5
2011,3,15854,5
2012,3,16617,5
2013,3,17140,5
2014,3,15883,5
2015,3,14729,5
1985,1,1393,5
1986,1,1366,5
1987,1,1299,5
1988,1,1369,5
1989,1,1350,5
1990,1,1346,5
1991,2,1348,5
1992,2,1664,5
1993,2,1845,5
1994,2,2646,5
1995,2,2796,5
1996,2,2883,5
1997,2,3106,5
1998,2,2814,5
1999,2,2419,5
2000,2,2755,5
2001,3,2662,5
2001,2,2662,5
2002,3,2613,5
2002,2,2613,5
2003,3,2489,5
2003,2,2489,5
2004,3,3033,5
2004,2,3033,5
2005,3,3742,5
2005,2,3742,5
2006,3,4095,5
2006,2,4095,5
2007,3,5150,5
2007,2,5150,5
2008,3,5971,5
2008,2,5971,5
2009,3,5643,5
2009,2,5643,5
2010,3,6836,5
2010,2,6836,5
2011,3,7885,5
2012,3,8586,5
2013,3,8731,5
2014,3,8591,5
2015,3,6552,5
1985,1,2145,5
1986,1,2389,5
1987,1,2433,5
1988,1,2460,5
1989,1,2686,5
1990,1,2817,5
1991,2,2651,5
1992,2,3070,5
1993,2,3342,5
1994,2,3562,5
1995,2,3672,5
1996,2,3639,5
1997,2,3827,5
1998,2,4046,5
1999,2,4115,5
2000,2,4233,5
2001,3,4412,5
2001,2,4412,5
2002,3,4485,5
2002,2,4485,5
2003,3,4583,5
2003,2,4583,5
2004,2,4850,5
2004,3,4850,5
2005,2,5133,5
2005,3,5133,5
2006,2,5716,5
2006,3,5716,5
2007,2,6661,5
2007,3,6661,5
2008,2,7517,5
2008,3,7517,5
2009,2,7403,5
2009,3,7403,5
2010,2,8906,5
2010,3,8906,5
2011,3,9978,5
2012,3,10832,5
2013,3,11443,5
2014,3,11485,5
1992,2,2227,5
1993,2,2236,5
1994,2,2820,5
1995,2,2993,5
1996,2,2443,5
1997,2,2472,5
1998,2,2497,5
1999,2,2741,5
2000,2,2940,5
2001,3,3037,5
2001,2,3037,5
2002,3,3205,5
2002,2,3205,5
2003,3,3409,5
2003,2,3409,5
2004,3,3611,5
2004,2,3611,5
2005,3,4017,5
2005,2,4017,5
2006,3,4951,5
2006,2,4951,5
2007,3,5488,5
2007,2,5488,5
2008,3,5686,5
2008,2,5686,5
2009,3,5797,5
2009,2,5797,5
2010,3,5997,5
2010,2,5997,5
2011,3,6419,5
2012,3,6791,5
2013,3,7148,5
2014,3,7459,5
2015,3,8044,5
1985,1,1485,5
1985,1,2238,5
1986,1,1943,5
1987,1,1669,5
1988,1,1519,5
1989,1,1619,5
1990,1,1732,5
1991,2,1869,5
1992,2,1955,5
1993,2,1996,5
1994,2,2335,5
1995,2,2453,5
1996,2,2474,5
1997,2,2701,5
1998,2,2626,5
1999,2,1805,5
2000,2,1650,5
2001,3,2160,5
2001,2,2160,5
2002,3,2472,5
2002,2,2472,5
2003,2,2755,5
2003,3,2755,5
2004,3,3051,5
2004,2,3051,5
2005,3,3397,5
2005,2,3397,5
2006,3,3759,5
2006,2,3759,5
2007,2,4024,5
2007,3,4024,5
2008,3,4787,5
2008,2,4787,5
2009,2,4762,5
2009,3,4762,5
2010,2,5206,5
2010,3,5206,5
2011,3,5836,5
2012,3,6364,5
2013,3,6769,5
2014,3,7116,5
2015,3,6832,5
1990,1,1068,5
1991,2,1148,5
1992,2,1266,5
1993,2,1423,5
1995,2,1845,5
1996,2,1959,5
1997,2,2065,5
1998,2,2185,5
1999,2,2229,5
2000,2,2303,5
2001,3,2373,5
2001,2,2373,5
2002,3,2421,5
2002,2,2421,5
2003,2,2507,5
2003,3,2507,5
2004,2,2573,5
2004,3,2573,5
2005,2,2733,5
2005,3,2733,5
2006,3,2947,5
2006,2,2947,5
2007,3,3111,5
2007,2,3111,5
2008,3,3271,5
2008,2,3271,5
2009,3,3184,5
2009,2,3184,5
2010,2,3318,5
2010,3,3318,5
2011,3,3631,5
2012,3,3806,5
2013,3,3885,5
2014,3,3965,5
1985,1,1965,5
1988,1,2707,5
1989,1,3268,5
1990,1,3391,5
1991,2,3650,5
1992,2,3713,5
1993,2,3632,5
1994,2,3735,5
1995,2,3869,5
1996,2,4087,5
2001,2,5693,5
2001,3,5693,5
2002,2,5879,5
2002,3,5879,5
2003,2,6385,5
2003,3,6385,5
2004,2,6428,5
2004,3,6428,5
2005,3,7422,5
2005,2,7422,5
2006,2,7423,5
2006,3,7423,5
2007,2,8035,5
2007,3,8035,5
2008,2,8733,5
2008,3,8733,5
2009,2,8140,5
2009,3,8140,5
2010,2,8118,5
2010,3,8118,5
2011,3,8188,5
2012,3,8382,5
2013,3,8789,5
2014,3,9456,5
2015,3,10290,5
2016,3,10838,5
1986,1,1044,5
1987,1,997,5
1988,1,1074,5
1989,1,1122,5
1990,1,996,5
1991,2,1194,5
1992,2,1294,5
1993,2,1381,5
1994,2,1538,5
1995,2,1696,5
1996,2,1775,5
1997,2,1967,5
1998,2,2091,5
1999,2,1926,5
2000,2,1977,5
2001,3,1867,5
2001,2,1867,5
2002,2,2022,5
2002,3,2022,5
2003,3,2079,5
2003,2,2079,5
2004,2,2215,5
2004,3,2215,5
2005,3,2450,5
2005,2,2450,5
2006,3,2653,5
2006,2,2653,5
2007,3,2914,5
2007,2,2914,5
2008,2,3252,5
2008,3,3252,5
2009,3,3053,5
2009,2,3053,5
2010,2,3260,5
2010,3,3260,5
2011,3,3661,5
2012,3,3779,5
2013,3,3947,5
2014,3,4210,5
2015,3,4472,5
1988,1,632,5
1989,1,581,5
1990,1,607,5
1991,2,514,5
1992,2,561,5
1993,2,671,5
1994,2,819,5
1995,2,939,5
1996,2,1070,5
1997,2,1139,5
1998,2,1092,5
1999,2,1057,5
2001,2,1054,5
2001,3,1054,5
2002,2,1090,5
2002,3,1090,5
2003,2,1116,5
2003,3,1116,5
2004,3,1180,5
2004,2,1180,5
2005,2,1235,5
2005,3,1235,5
2006,2,2182,5
2006,3,2182,5
2007,3,2602,5
2007,2,2602,5
2008,3,2873,5
2008,2,2873,5
2009,2,3076,5
2009,3,3076,5
2010,3,3384,5
2010,2,3384,5
2011,3,3815,5
2012,3,4212,5
2013,3,4372,5
1985,1,1032,5
1986,1,1342,5
1987,1,1587,5
1988,1,1831,5
1989,1,2087,5
1990,1,2155,5
1991,2,1889,5
2000,2,3795,5
2001,2,3838,5
2001,3,3838,5
2002,2,4013,5
2002,3,4013,5
2003,2,3852,5
2003,3,3852,5
2004,2,4119,5
2004,3,4119,5
2005,2,4505,5
2005,3,4505,5
2006,2,4738,5
2006,3,4738,5
2009,3,4686,5
2009,2,4686,5
2010,2,5100,5
2010,3,5100,5
2011,3,5552,5
1985,1,2730,5
1986,1,1873,5
1987,1,2064,5
1988,1,2630,5
1989,1,3125,5
1990,1,3595,5
1991,2,4204,5
1992,2,4830,5
1993,2,6518,5
1994,2,6735,5
1995,2,4505,5
1996,2,4904,5
1997,2,5864,5
1998,2,6064,5
1999,2,6800,5
2000,2,7892,5
2001,3,8311,5
2001,2,8311,5
2002,3,8357,5
2002,2,8357,5
2003,3,7779,5
2003,2,7779,5
2004,3,8217,5
2004,2,8217,5
2005,3,9071,5
2005,2,9071,5
2006,3,9906,5
2006,2,9906,5
2007,3,10496,5
2007,2,10496,5
2008,3,10864,5
2008,2,10864,5
2009,3,8651,5
2009,2,8651,5
2010,3,9991,5
2010,2,9991,5
2011,3,10965,5
2012,3,10982,5
2013,3,11478,5
2014,3,11663,5
2015,3,10228,5
2016,3,4145,5
1985,1,3443,5
1986,1,3504,5
1987,1,3447,5
1988,1,2859,5
1989,1,2802,5
1996,2,3992,5
1997,2,4227,5
1998,2,4488,5
1999,2,4606,5
2000,2,4577,5
2001,3,4558,5
2001,2,4558,5
2002,2,4641,5
2002,3,4641,5
2003,3,4790,5
2003,2,4790,5
2004,3,5144,5
2004,2,5144,5
2005,2,5499,5
2005,3,5499,5
2006,3,5972,5
2006,2,5972,5
2007,3,6876,5
2007,2,6876,5
2008,2,7972,5
2008,3,7972,5
2009,2,8436,5
2009,3,8436,5
2010,3,8991,5
2010,2,8991,5
2011,3,10403,5
2012,3,11908,5
2013,3,13189,5
2014,3,14181,5
2015,3,15158,5
1985,1,964,5
1986,1,1086,5
1987,1,1158,5
1989,1,1330,5
1990,1,1600,5
1991,2,1907,5
1994,2,1981,5
1995,2,2223,5
1996,2,2341,5
1997,2,2326,5
1998,2,2057,5
1999,2,1868,5
2000,2,1782,5
2001,3,1630,5
2001,2,1630,5
2002,3,1315,5
2002,2,1315,5
2003,3,1339,5
2003,2,1339,5
2004,3,1598,5
2004,2,1598,5
2005,3,1704,5
2005,2,1704,5
2006,3,2038,5
2006,2,2038,5
2007,3,2599,5
2007,2,2599,5
2008,3,3438,5
2008,2,3438,5
2009,3,2920,5
2009,2,2920,5
2010,3,3619,5
2010,2,3619,5
2011,3,4474,5
2012,3,4319,5
2013,3,5006,5
2014,3,5254,5
1985,1,6582,5
1986,1,7002,5
1987,1,7533,5
1988,1,8155,5
1989,1,8576,5
1990,1,9552,5
1991,2,9974,5
1992,2,10533,5
1993,2,11146,5
1994,2,11871,5
1995,2,12636,5
1996,2,13328,5
1997,2,14037,5
1998,2,15610,5
1999,2,16560,5
2000,2,17569,5
2001,3,19649,5
2001,2,19649,5
2002,3,20325,5
2002,2,20325,5
2003,3,21264,5
2003,2,21264,5
2004,3,22874,5
2004,2,22874,5
2005,3,23944,5
2005,2,23944,5
2006,3,24943,5
2006,2,24943,5
2007,3,25625,5
2007,2,25625,5
2008,3,26840,5
2008,2,26840,5
2009,3,27661,5
2009,2,27661,5
2010,3,28267,5
2010,2,28267,5
2011,3,28876,5
2012,3,29247,5
2013,3,29510,5
2014,3,29515,5
2015,3,29728,5
1990,1,5339,5
1991,2,5368,5
1992,2,5868,5
1986,1,2634,5
1987,1,2875,5
1988,1,3244,5
1989,1,3505,5
1990,1,4015,5
1991,2,4194,5
1992,2,4564,5
1993,2,4568,5
1994,2,4704,5
1995,2,4947,5
1996,2,5031,5
1997,2,5053,5
1998,2,5407,5
1999,2,5590,5
2000,2,5557,5
2001,2,5195,5
2001,3,5195,5
2002,3,5155,5
2002,2,5155,5
2003,3,5599,5
2003,2,5599,5
2004,2,5989,5
2004,3,5989,5
2005,2,6292,5
2005,3,6292,5
2006,2,7391,5
2006,3,7391,5
2008,2,8122,5
2008,3,8122,5
2009,2,7902,5
2009,3,7902,5
2010,2,8557,5
2010,3,8557,5
2011,3,8826,5
2012,3,8764,5
2013,3,9041,5
2014,3,9372,5
1985,1,1622,5
1986,1,1771,5
1987,1,1908,5
1990,1,2553,5
1995,2,3293,5
1996,2,3450,5
1997,2,3613,5
1998,2,3874,5
1999,2,4041,5
2000,2,4087,5
2001,3,4418,5
2001,2,4418,5
2002,3,4723,5
2002,2,4723,5
2003,2,4902,5
2003,3,4902,5
2004,2,5286,5
2004,3,5286,5
2005,2,5556,5
2005,3,5556,5
2006,3,6142,5
2006,2,6142,5
2007,2,6539,5
2007,3,6539,5
2008,2,6966,5
2008,3,6966,5
2009,2,6754,5
2009,3,6754,5
2010,2,6809,5
2010,3,6809,5
2011,3,6759,5
2012,3,6918,5
2013,3,7183,5
2014,3,7203,5
2015,3,7496,5
1999,2,48255,5
2000,2,43435,5
2005,2,69301,5
2005,3,69301,5
1985,1,19693,5
1986,1,20588,5
1987,1,21631,5
1988,1,23103,5
1989,1,24654,5
1990,1,26004,5
1991,2,26503,5
1992,2,27760,5
1993,2,28891,5
1994,2,30375,5
1995,2,31518,5
1996,2,32928,5
1997,2,34644,5
1998,2,36164,5
1999,2,38072,5
2000,2,39218,5
2001,3,40018,5
2001,2,40018,5
2002,3,40845,5
2002,2,40845,5
2003,3,42468,5
2003,2,42468,5
2004,3,44867,5
2004,2,44867,5
2005,3,47423,5
2005,2,47423,5
2006,3,49666,5
2006,2,49666,5
2007,3,51585,5
2007,2,51585,5
2008,3,52128,5
2008,2,52128,5
2009,3,50563,5
2009,2,50563,5
2010,3,51989,5
2010,2,51989,5
2011,3,53452,5
2012,3,55170,5
2013,3,56520,5
2014,3,58531,5
2015,3,60387,5
1985,1,3264,6
1986,1,4072,6
1987,1,4026,6
1988,1,4458,6
1989,1,2670,6
1990,1,4859,6
1991,2,6404,6
1992,2,7615,6
1993,2,7768,6
1994,2,8328,6
1995,2,8232,6
1996,2,8563,6
1997,2,9057,6
1998,2,9126,6
1999,2,8546,6
2000,2,8462,6
2001,3,7900,6
2001,2,7900,6
2002,2,2840,6
2002,3,2840,6
2003,3,3668,6
2003,2,3668,6
2004,2,4683,6
2004,3,4683,6
2005,2,5590,6
2005,3,5590,6
2006,2,6475,6
2006,3,6475,6
2007,2,7918,6
2007,3,7918,6
2008,2,9843,6
2008,3,9843,6
2009,2,8961,6
2009,3,8961,6
2010,2,11273,6
2010,3,11273,6
2011,3,13946,6
2012,3,14203,6
2013,3,14206,6
2014,3,13400,6
2015,3,14981,6
1985,1,6137,6
1986,1,6720,6
1987,1,7333,6
1988,1,7763,6
1989,1,8541,6
1990,1,8537,6
1991,2,8469,6
1992,2,8129,6
1993,2,8540,6
1994,2,8953,6
1995,2,9378,6
2000,2,12430,6
2001,2,12348,6
2001,3,12348,6
2002,2,12511,6
2002,3,12511,6
2003,2,12887,6
2003,3,12887,6
2004,2,13786,6
2004,3,13786,6
2005,2,15230,6
2005,3,15230,6
2006,2,16531,6
2006,3,16531,6
2007,2,17528,6
2007,3,17528,6
2008,2,17760,6
2008,3,17760,6
2009,2,17007,6
2009,3,17007,6
2010,2,17034,6
2010,3,17034,6
2011,3,17708,6
2012,3,17620,6
2013,3,17395,6
1986,1,1552,6
1987,1,1920,6
1989,1,2372,6
1990,1,2614,6
1991,2,2742,6
1993,2,3278,6
1994,2,3399,6
1995,2,3436,6
1996,2,3545,6
1997,2,3487,6
1998,2,3531,6
1999,2,3615,6
2000,2,3960,6
2001,2,4013,6
2001,3,4013,6
2002,2,4161,6
2002,3,4161,6
2003,2,4289,6
2003,3,4289,6
2004,2,4449,6
2004,3,4449,6
2005,2,4547,6
2005,3,4547,6
2006,2,4815,6
2006,3,4815,6
2007,2,4951,6
2007,3,4951,6
2008,2,5098,6
2008,3,5098,6
2009,2,4841,6
2009,3,4841,6
2010,2,4923,6
2010,3,4923,6
2011,3,5098,6
2012,3,5264,6
2013,3,5272,6
2014,3,5448,6
2015,3,5561,6
1985,1,1898,6
1986,1,2257,6
1987,1,2394,6
1988,1,2628,6
1989,1,3310,6
1990,1,3516,6
1991,2,4490,6
1992,2,2924,6
1993,2,3136,6
1994,2,3925,6
1995,2,5313,6
1996,2,5771,6
1997,2,5891,6
1998,2,5663,6
1999,2,3864,6
2000,2,4156,6
2001,2,3492,6
2001,3,3492,6
2002,3,3121,6
2002,2,3121,6
2003,3,3376,6
2003,2,3376,6
2004,2,3984,6
2004,3,3984,6
2005,2,5230,6
2005,3,5230,6
2006,2,6403,6
2006,3,6403,6
2007,2,7970,6
2007,3,7970,6
2008,2,9555,6
2008,3,9555,6
2009,2,9283,6
2009,3,9283,6
2010,2,12161,6
2010,3,12161,6
2011,3,14245,6
2012,3,13283,6
2013,3,13191,6
2014,3,12975,6
2015,3,9431,6
1985,1,15522,6
1986,1,16062,6
1987,1,18124,6
1988,1,21069,6
1989,1,23188,6
1990,1,24041,6
1991,2,24038,6
1992,2,22393,6
1993,2,21421,6
1994,2,21219,6
1995,2,21871,6
1996,2,22686,6
1997,2,23245,6
1998,2,22268,6
1999,2,23572,6
2000,2,25589,6
2001,2,25165,6
2001,3,25165,6
2002,2,25570,6
2002,3,25570,6
2003,2,29787,6
2003,3,29787,6
2004,2,33787,6
2004,3,33787,6
2005,2,38218,6
2005,3,38218,6
2006,2,42566,6
2006,3,42566,6
2007,2,46890,6
2007,3,46890,6
2008,2,49041,6
2008,3,49041,6
2009,2,42933,6
2009,3,42933,6
2010,2,49974,6
2010,3,49974,6
2011,3,54841,6
2012,3,55347,6
2013,3,55310,6
1985,1,1658,6
1986,1,1728,6
1987,1,1985,6
1988,1,2303,6
1989,1,2599,6
1990,1,2828,6
1991,2,3187,6
1992,2,3791,6
1993,2,4006,6
1994,2,4551,6
1995,2,5695,6
1996,2,5946,6
1997,2,6368,6
1998,2,6023,6
1999,2,5470,6
2000,2,5584,6
2001,3,5020,6
2001,2,5020,6
2002,3,4866,6
2002,2,4866,6
2003,3,5208,6
2003,2,5208,6
2004,3,6744,6
2004,2,6744,6
2005,2,8256,6
2005,3,8256,6
2006,2,10270,6
2006,3,10270,6
2007,2,11387,6
2007,3,11387,6
2008,2,11653,6
2008,3,11653,6
2009,2,11062,6
2009,3,11062,6
2010,2,13874,6
2010,3,13874,6
2011,3,15854,6
2012,3,16617,6
2013,3,17140,6
2014,3,15883,6
2015,3,14729,6
1985,1,1393,6
1986,1,1366,6
1987,1,1299,6
1988,1,1369,6
1989,1,1350,6
1990,1,1346,6
1991,2,1348,6
1992,2,1664,6
1993,2,1845,6
1994,2,2646,6
1995,2,2796,6
1996,2,2883,6
1997,2,3106,6
1998,2,2814,6
1999,2,2419,6
2000,2,2755,6
2001,2,2662,6
2001,3,2662,6
2002,2,2613,6
2002,3,2613,6
2003,2,2489,6
2003,3,2489,6
2004,3,3033,6
2004,2,3033,6
2005,2,3742,6
2005,3,3742,6
2006,2,4095,6
2006,3,4095,6
2007,2,5150,6
2007,3,5150,6
2008,2,5971,6
2008,3,5971,6
2009,2,5643,6
2009,3,5643,6
2010,3,6836,6
2010,2,6836,6
2011,3,7885,6
2012,3,8586,6
2013,3,8731,6
2014,3,8591,6
2015,3,6552,6
1985,1,2145,6
1986,1,2389,6
1987,1,2433,6
1988,1,2460,6
1989,1,2686,6
1990,1,2817,6
1991,2,2651,6
1992,2,3070,6
1993,2,3342,6
1994,2,3562,6
1995,2,3672,6
1996,2,3639,6
1997,2,3827,6
1998,2,4046,6
1999,2,4115,6
2000,2,4233,6
2001,3,4412,6
2001,2,4412,6
2002,2,4485,6
2002,3,4485,6
2003,2,4583,6
2003,3,4583,6
2004,2,4850,6
2004,3,4850,6
2005,2,5133,6
2005,3,5133,6
2006,3,5716,6
2006,2,5716,6
2007,2,6661,6
2007,3,6661,6
2008,3,7517,6
2008,2,7517,6
2009,2,7403,6
2009,3,7403,6
2010,2,8906,6
2010,3,8906,6
2011,3,9978,6
2012,3,10832,6
2013,3,11443,6
2014,3,11485,6
1992,2,2227,6
1993,2,2236,6
1994,2,2820,6
1995,2,2993,6
1996,2,2443,6
1997,2,2472,6
1998,2,2497,6
1999,2,2741,6
2000,2,2940,6
2001,2,3037,6
2001,3,3037,6
2002,3,3205,6
2002,2,3205,6
2003,3,3409,6
2003,2,3409,6
2004,2,3611,6
2004,3,3611,6
2005,3,4017,6
2005,2,4017,6
2006,3,4951,6
2006,2,4951,6
2007,3,5488,6
2007,2,5488,6
2008,2,5686,6
2008,3,5686,6
2009,3,5797,6
2009,2,5797,6
2010,2,5997,6
2010,3,5997,6
2011,3,6419,6
2012,3,6791,6
2013,3,7148,6
2014,3,7459,6
2015,3,8044,6
1985,1,1485,6
1985,1,2238,6
1986,1,1943,6
1987,1,1669,6
1988,1,1519,6
1989,1,1619,6
1990,1,1732,6
1991,2,1869,6
1992,2,1955,6
1993,2,1996,6
1994,2,2335,6
1995,2,2453,6
1996,2,2474,6
1997,2,2701,6
1998,2,2626,6
1999,2,1805,6
2000,2,1650,6
2001,2,2160,6
2001,3,2160,6
2002,2,2472,6
2002,3,2472,6
2003,3,2755,6
2003,2,2755,6
2004,3,3051,6
2004,2,3051,6
2005,2,3397,6
2005,3,3397,6
2006,2,3759,6
2006,3,3759,6
2007,2,4024,6
2007,3,4024,6
2008,2,4787,6
2008,3,4787,6
2009,3,4762,6
2009,2,4762,6
2010,3,5206,6
2010,2,5206,6
2011,3,5836,6
2012,3,6364,6
2013,3,6769,6
2014,3,7116,6
2015,3,6832,6
1990,1,1068,6
1991,2,1148,6
1992,2,1266,6
1993,2,1423,6
1995,2,1845,6
1996,2,1959,6
1997,2,2065,6
1998,2,2185,6
1999,2,2229,6
2000,2,2303,6
2001,3,2373,6
2001,2,2373,6
2002,2,2421,6
2002,3,2421,6
2003,2,2507,6
2003,3,2507,6
2004,3,2573,6
2004,2,2573,6
2005,3,2733,6
2005,2,2733,6
2006,2,2947,6
2006,3,2947,6
2007,3,3111,6
2007,2,3111,6
2008,3,3271,6
2008,2,3271,6
2009,3,3184,6
2009,2,3184,6
2010,3,3318,6
2010,2,3318,6
2011,3,3631,6
2012,3,3806,6
2013,3,3885,6
2014,3,3965,6
1985,1,1965,6
1988,1,2707,6
1989,1,3268,6
1990,1,3391,6
1991,2,3650,6
1992,2,3713,6
1993,2,3632,6
1994,2,3735,6
1995,2,3869,6
1996,2,4087,6
2001,2,5693,6
2001,3,5693,6
2002,2,5879,6
2002,3,5879,6
2003,2,6385,6
2003,3,6385,6
2004,2,6428,6
2004,3,6428,6
2005,2,7422,6
2005,3,7422,6
2006,2,7423,6
2006,3,7423,6
2007,2,8035,6
2007,3,8035,6
2008,2,8733,6
2008,3,8733,6
2009,2,8140,6
2009,3,8140,6
2010,2,8118,6
2010,3,8118,6
2011,3,8188,6
2012,3,8382,6
2013,3,8789,6
2014,3,9456,6
2015,3,10290,6
2016,3,10838,6
1986,1,1044,6
1987,1,997,6
1988,1,1074,6
1989,1,1122,6
1990,1,996,6
1991,2,1194,6
1992,2,1294,6
1993,2,1381,6
1994,2,1538,6
1995,2,1696,6
1996,2,1775,6
1997,2,1967,6
1998,2,2091,6
1999,2,1926,6
2000,2,1977,6
2001,2,1867,6
2001,3,1867,6
2002,3,2022,6
2002,2,2022,6
2003,2,2079,6
2003,3,2079,6
2004,2,2215,6
2004,3,2215,6
2005,2,2450,6
2005,3,2450,6
2006,3,2653,6
2006,2,2653,6
2007,3,2914,6
2007,2,2914,6
2008,2,3252,6
2008,3,3252,6
2009,2,3053,6
2009,3,3053,6
2010,2,3260,6
2010,3,3260,6
2011,3,3661,6
2012,3,3779,6
2013,3,3947,6
2014,3,4210,6
2015,3,4472,6
1988,1,632,6
1989,1,581,6
1990,1,607,6
1991,2,514,6
1992,2,561,6
1993,2,671,6
1994,2,819,6
1995,2,939,6
1996,2,1070,6
1997,2,1139,6
1998,2,1092,6
1999,2,1057,6
2001,2,1054,6
2001,3,1054,6
2002,2,1090,6
2002,3,1090,6
2003,3,1116,6
2003,2,1116,6
2004,3,1180,6
2004,2,1180,6
2005,2,1235,6
2005,3,1235,6
2006,2,2182,6
2006,3,2182,6
2007,3,2602,6
2007,2,2602,6
2008,2,2873,6
2008,3,2873,6
2009,3,3076,6
2009,2,3076,6
2010,2,3384,6
2010,3,3384,6
2011,3,3815,6
2012,3,4212,6
2013,3,4372,6
1985,1,1032,6
1986,1,1342,6
1987,1,1587,6
1988,1,1831,6
1989,1,2087,6
1990,1,2155,6
1991,2,1889,6
2000,2,3795,6
2001,2,3838,6
2001,3,3838,6
2002,2,4013,6
2002,3,4013,6
2003,2,3852,6
2003,3,3852,6
2004,2,4119,6
2004,3,4119,6
2005,2,4505,6
2005,3,4505,6
2006,2,4738,6
2006,3,4738,6
2009,2,4686,6
2009,3,4686,6
2010,2,5100,6
2010,3,5100,6
2011,3,5552,6
1985,1,2730,6
1986,1,1873,6
1987,1,2064,6
1988,1,2630,6
1989,1,3125,6
1990,1,3595,6
1991,2,4204,6
1992,2,4830,6
1993,2,6518,6
1994,2,6735,6
1995,2,4505,6
1996,2,4904,6
1997,2,5864,6
1998,2,6064,6
1999,2,6800,6
2000,2,7892,6
2001,2,8311,6
2001,3,8311,6
2002,2,8357,6
2002,3,8357,6
2003,2,7779,6
2003,3,7779,6
2004,2,8217,6
2004,3,8217,6
2005,2,9071,6
2005,3,9071,6
2006,2,9906,6
2006,3,9906,6
2007,2,10496,6
2007,3,10496,6
2008,2,10864,6
2008,3,10864,6
2009,2,8651,6
2009,3,8651,6
2010,2,9991,6
2010,3,9991,6
2011,3,10965,6
2012,3,10982,6
2013,3,11478,6
2014,3,11663,6
2015,3,10228,6
2016,3,4145,6
1985,1,3443,6
1986,1,3504,6
1987,1,3447,6
1988,1,2859,6
1989,1,2802,6
1996,2,3992,6
1997,2,4227,6
1998,2,4488,6
1999,2,4606,6
2000,2,4577,6
2001,2,4558,6
2001,3,4558,6
2002,3,4641,6
2002,2,4641,6
2003,2,4790,6
2003,3,4790,6
2004,2,5144,6
2004,3,5144,6
2005,2,5499,6
2005,3,5499,6
2006,2,5972,6
2006,3,5972,6
2007,2,6876,6
2007,3,6876,6
2008,3,7972,6
2008,2,7972,6
2009,2,8436,6
2009,3,8436,6
2010,3,8991,6
2010,2,8991,6
2011,3,10403,6
2012,3,11908,6
2013,3,13189,6
2014,3,14181,6
2015,3,15158,6
1985,1,964,6
1986,1,1086,6
1987,1,1158,6
1989,1,1330,6
1990,1,1600,6
1991,2,1907,6
1994,2,1981,6
1995,2,2223,6
1996,2,2341,6
1997,2,2326,6
1998,2,2057,6
1999,2,1868,6
2000,2,1782,6
2001,3,1630,6
2001,2,1630,6
2002,2,1315,6
2002,3,1315,6
2003,2,1339,6
2003,3,1339,6
2004,2,1598,6
2004,3,1598,6
2005,2,1704,6
2005,3,1704,6
2006,2,2038,6
2006,3,2038,6
2007,2,2599,6
2007,3,2599,6
2008,2,3438,6
2008,3,3438,6
2009,2,2920,6
2009,3,2920,6
2010,3,3619,6
2010,2,3619,6
2011,3,4474,6
2012,3,4319,6
2013,3,5006,6
2014,3,5254,6
1985,1,6582,6
1986,1,7002,6
1987,1,7533,6
1988,1,8155,6
1989,1,8576,6
1990,1,9552,6
1991,2,9974,6
1992,2,10533,6
1993,2,11146,6
1994,2,11871,6
1995,2,12636,6
1996,2,13328,6
1997,2,14037,6
1998,2,15610,6
1999,2,16560,6
2000,2,17569,6
2001,3,19649,6
2001,2,19649,6
2002,2,20325,6
2002,3,20325,6
2003,2,21264,6
2003,3,21264,6
2004,2,22874,6
2004,3,22874,6
2005,2,23944,6
2005,3,23944,6
2006,2,24943,6
2006,3,24943,6
2007,2,25625,6
2007,3,25625,6
2008,2,26840,6
2008,3,26840,6
2009,2,27661,6
2009,3,27661,6
2010,2,28267,6
2010,3,28267,6
2011,3,28876,6
2012,3,29247,6
2013,3,29510,6
2014,3,29515,6
2015,3,29728,6
1990,1,5339,6
1991,2,5368,6
1992,2,5868,6
1986,1,2634,6
1987,1,2875,6
1988,1,3244,6
1989,1,3505,6
1990,1,4015,6
1991,2,4194,6
1992,2,4564,6
1993,2,4568,6
1994,2,4704,6
1995,2,4947,6
1996,2,5031,6
1997,2,5053,6
1998,2,5407,6
1999,2,5590,6
2000,2,5557,6
2001,2,5195,6
2001,3,5195,6
2002,3,5155,6
2002,2,5155,6
2003,3,5599,6
2003,2,5599,6
2004,2,5989,6
2004,3,5989,6
2005,2,6292,6
2005,3,6292,6
2006,2,7391,6
2006,3,7391,6
2008,2,8122,6
2008,3,8122,6
2009,2,7902,6
2009,3,7902,6
2010,2,8557,6
2010,3,8557,6
2011,3,8826,6
2012,3,8764,6
2013,3,9041,6
2014,3,9372,6
1985,1,1622,6
1986,1,1771,6
1987,1,1908,6
1990,1,2553,6
1995,2,3293,6
1996,2,3450,6
1997,2,3613,6
1998,2,3874,6
1999,2,4041,6
2000,2,4087,6
2001,2,4418,6
2001,3,4418,6
2002,2,4723,6
2002,3,4723,6
2003,2,4902,6
2003,3,4902,6
2004,2,5286,6
2004,3,5286,6
2005,2,5556,6
2005,3,5556,6
2006,2,6142,6
2006,3,6142,6
2007,2,6539,6
2007,3,6539,6
2008,2,6966,6
2008,3,6966,6
2009,2,6754,6
2009,3,6754,6
2010,2,6809,6
2010,3,6809,6
2011,3,6759,6
2012,3,6918,6
2013,3,7183,6
2014,3,7203,6
2015,3,7496,6
1999,2,48255,6
2000,2,43435,6
2005,2,69301,6
2005,3,69301,6
1985,1,19693,6
1986,1,20588,6
1987,1,21631,6
1988,1,23103,6
1989,1,24654,6
1990,1,26004,6
1991,2,26503,6
1992,2,27760,6
1993,2,28891,6
1994,2,30375,6
1995,2,31518,6
1996,2,32928,6
1997,2,34644,6
1998,2,36164,6
1999,2,38072,6
2000,2,39218,6
2001,2,40018,6
2001,3,40018,6
2002,2,40845,6
2002,3,40845,6
2003,2,42468,6
2003,3,42468,6
2004,2,44867,6
2004,3,44867,6
2005,2,47423,6
2005,3,47423,6
2006,2,49666,6
2006,3,49666,6
2007,2,51585,6
2007,3,51585,6
2008,2,52128,6
2008,3,52128,6
2009,2,50563,6
2009,3,50563,6
2010,2,51989,6
2010,3,51989,6
2011,3,53452,6
2012,3,55170,6
2013,3,56520,6
2014,3,58531,6
2015,3,60387,6
